orderDetailsID,orderID,bungaID,kuantitasTangkai,harga_unit,custom
1,718,4,5,40000,green
2,928,5,8,72000,brown
3,818,4,1,8000,pink
4,391,3,7,49000,white
5,384,4,5,40000,blue
6,19,1,5,25000,yellow
7,613,3,2,14000,grey
8,529,1,7,35000,blue
9,620,5,5,45000,purple
10,352,2,9,54000,yellow
11,99,1,4,20000,yellow
12,102,4,10,80000,blue
13,423,1,10,50000,green
14,470,1,6,30000,green
15,648,5,1,9000,purple
16,16,1,7,35000,grey
17,470,3,10,70000,pink
18,427,2,9,54000,grey
19,807,3,1,7000,white
20,252,1,5,25000,yellow
21,342,1,2,10000,blue
22,604,4,6,48000,grey
23,223,3,1,7000,brown
24,920,1,10,50000,blue
25,118,4,7,56000,grey
26,130,1,6,30000,white
27,259,3,9,63000,purple
28,852,4,6,48000,grey
29,411,2,9,54000,green
30,244,2,10,60000,green
31,336,1,10,50000,brown
32,358,1,4,20000,green
33,51,4,3,24000,white
34,448,4,9,72000,brown
35,714,3,1,7000,yellow
36,291,1,7,35000,purple
37,140,2,7,42000,white
38,424,2,1,6000,green
39,525,3,8,56000,brown
40,683,4,4,32000,purple
41,190,4,1,8000,white
42,495,4,8,64000,yellow
43,916,2,8,48000,green
44,210,5,7,63000,green
45,575,2,6,36000,green
46,429,5,5,45000,green
47,794,4,6,48000,purple
48,844,3,3,21000,green
49,79,5,1,9000,yellow
50,521,5,5,45000,green
51,921,2,5,30000,yellow
52,75,5,3,27000,white
53,567,4,4,32000,purple
54,364,2,3,18000,white
55,797,5,10,90000,brown
56,991,4,1,8000,green
57,34,3,3,21000,grey
58,538,5,3,27000,pink
59,522,4,10,80000,yellow
60,964,4,8,64000,white
61,59,2,4,24000,purple
62,100,4,3,24000,purple
63,457,2,2,12000,pink
64,394,1,4,20000,purple
65,930,3,9,63000,white
66,156,3,1,7000,grey
67,998,1,3,15000,green
68,329,4,7,56000,grey
69,732,5,1,9000,grey
70,287,4,3,24000,blue
71,776,3,4,28000,pink
72,321,2,3,18000,yellow
73,803,4,3,24000,yellow
74,665,1,1,5000,grey
75,88,3,7,49000,grey
76,934,1,5,25000,green
77,299,2,4,24000,blue
78,753,5,4,36000,green
79,818,3,1,7000,purple
80,858,3,9,63000,blue
81,89,4,9,72000,brown
82,736,2,8,48000,brown
83,976,2,8,48000,grey
84,146,4,3,24000,green
85,367,5,6,54000,grey
86,962,2,4,24000,green
87,416,5,9,81000,brown
88,625,1,9,45000,green
89,386,2,8,48000,purple
90,895,3,6,42000,yellow
91,911,2,5,30000,white
92,94,1,3,15000,yellow
93,548,4,5,40000,brown
94,787,5,4,36000,white
95,569,1,1,5000,pink
96,740,4,7,56000,brown
97,246,4,7,56000,grey
98,845,2,8,48000,purple
99,630,2,2,12000,purple
100,209,2,9,54000,purple
101,925,5,7,63000,grey
102,553,3,8,56000,brown
103,356,5,5,45000,white
104,781,2,7,42000,white
105,499,3,8,56000,blue
106,907,1,5,25000,green
107,60,3,9,63000,brown
108,111,1,5,25000,grey
109,266,5,3,27000,grey
110,709,1,2,10000,yellow
111,84,2,9,54000,pink
112,400,1,3,15000,grey
113,607,1,2,10000,white
114,253,2,3,18000,grey
115,400,3,10,70000,purple
116,499,3,5,35000,brown
117,760,2,9,54000,yellow
118,627,4,2,16000,blue
119,941,5,3,27000,brown
120,656,1,9,45000,brown
121,17,2,7,42000,pink
122,797,1,6,30000,pink
123,502,5,10,90000,purple
124,160,3,6,42000,grey
125,135,1,3,15000,brown
126,476,5,8,72000,brown
127,2,1,10,50000,blue
128,541,5,3,27000,yellow
129,73,2,8,48000,pink
130,829,4,6,48000,white
131,316,1,8,40000,white
132,343,4,6,48000,purple
133,830,2,2,12000,white
134,253,5,9,81000,white
135,594,3,8,56000,yellow
136,234,5,9,81000,white
137,144,1,6,30000,pink
138,248,4,5,40000,white
139,268,5,2,18000,white
140,774,3,2,14000,grey
141,826,1,6,30000,pink
142,819,5,8,72000,grey
143,463,5,1,9000,brown
144,652,2,7,42000,yellow
145,903,2,10,60000,purple
146,881,4,9,72000,pink
147,611,3,9,63000,brown
148,475,3,3,21000,grey
149,261,3,5,35000,brown
150,323,3,2,14000,brown
151,338,2,10,60000,grey
152,339,4,10,80000,blue
153,306,4,7,56000,yellow
154,165,2,4,24000,white
155,505,3,9,63000,purple
156,212,4,9,72000,grey
157,243,4,4,32000,blue
158,186,3,5,35000,grey
159,679,4,2,16000,blue
160,79,3,5,35000,purple
161,351,5,5,45000,white
162,304,5,4,36000,white
163,175,5,8,72000,pink
164,481,3,6,42000,pink
165,14,5,2,18000,purple
166,41,2,1,6000,pink
167,706,5,3,27000,green
168,268,1,5,25000,green
169,735,1,7,35000,grey
170,509,4,3,24000,yellow
171,206,5,3,27000,purple
172,977,4,3,24000,green
173,35,5,7,63000,grey
174,94,1,10,50000,white
175,95,3,3,21000,green
176,906,2,8,48000,purple
177,912,3,9,63000,grey
178,543,2,7,42000,pink
179,622,3,2,14000,blue
180,938,5,8,72000,brown
181,794,3,4,28000,green
182,681,4,9,72000,purple
183,106,3,7,49000,grey
184,657,3,1,7000,brown
185,602,5,1,9000,purple
186,961,5,5,45000,pink
187,473,1,4,20000,yellow
188,349,3,2,14000,yellow
189,789,5,10,90000,brown
190,72,1,1,5000,blue
191,282,3,4,28000,grey
192,186,5,6,54000,brown
193,990,5,9,81000,brown
194,446,2,3,18000,blue
195,306,3,2,14000,white
196,421,2,7,42000,white
197,119,3,2,14000,brown
198,780,5,8,72000,blue
199,736,4,2,16000,blue
200,771,3,3,21000,pink
201,271,2,9,54000,green
202,559,2,9,54000,purple
203,272,3,7,49000,purple
204,845,4,3,24000,purple
205,689,3,1,7000,green
206,542,5,7,63000,blue
207,533,3,7,49000,grey
208,994,5,9,81000,blue
209,427,2,1,6000,blue
210,716,5,5,45000,yellow
211,525,5,8,72000,grey
212,554,4,7,56000,blue
213,644,3,7,49000,purple
214,460,1,8,40000,green
215,259,1,5,25000,brown
216,724,2,9,54000,yellow
217,890,1,4,20000,yellow
218,349,1,2,10000,white
219,833,4,4,32000,yellow
220,437,5,9,81000,white
221,507,4,3,24000,brown
222,381,2,6,36000,grey
223,715,5,5,45000,green
224,13,3,6,42000,pink
225,243,1,7,35000,brown
226,603,3,6,42000,brown
227,244,3,6,42000,grey
228,5,4,8,64000,white
229,468,5,2,18000,white
230,415,1,8,40000,brown
231,229,5,1,9000,grey
232,453,2,1,6000,brown
233,747,5,5,45000,yellow
234,225,2,8,48000,blue
235,394,2,3,18000,pink
236,551,4,10,80000,white
237,610,2,8,48000,white
238,59,2,5,30000,grey
239,159,3,4,28000,purple
240,264,3,10,70000,blue
241,976,3,3,21000,purple
242,331,2,5,30000,yellow
243,530,5,8,72000,brown
244,373,1,2,10000,pink
245,645,2,8,48000,yellow
246,940,2,1,6000,green
247,61,4,10,80000,grey
248,482,1,3,15000,purple
249,894,4,2,16000,white
250,235,4,4,32000,pink
251,128,1,5,25000,white
252,588,4,4,32000,green
253,987,1,4,20000,white
254,230,3,4,28000,white
255,238,2,5,30000,brown
256,641,2,4,24000,white
257,571,3,7,49000,white
258,142,2,4,24000,brown
259,910,1,1,5000,purple
260,200,3,1,7000,pink
261,903,1,6,30000,green
262,109,4,5,40000,pink
263,813,2,10,60000,pink
264,152,3,3,21000,green
265,871,2,9,54000,green
266,20,2,6,36000,green
267,387,1,6,30000,grey
268,714,2,4,24000,purple
269,910,5,5,45000,green
270,324,4,9,72000,purple
271,37,1,5,25000,purple
272,468,5,9,81000,purple
273,128,5,1,9000,white
274,518,1,8,40000,pink
275,841,3,9,63000,green
276,873,5,5,45000,yellow
277,96,5,6,54000,pink
278,467,2,8,48000,green
279,91,3,7,49000,green
280,507,3,2,14000,grey
281,61,3,4,28000,green
282,146,1,4,20000,brown
283,449,2,10,60000,blue
284,918,2,5,30000,green
285,56,4,10,80000,brown
286,582,5,7,63000,purple
287,752,3,4,28000,grey
288,954,3,7,49000,grey
289,321,2,8,48000,yellow
290,637,4,3,24000,pink
291,423,4,5,40000,pink
292,340,4,9,72000,brown
293,207,1,2,10000,brown
294,234,1,9,45000,white
295,708,4,4,32000,purple
296,672,5,8,72000,brown
297,773,4,1,8000,grey
298,271,3,9,63000,grey
299,617,2,9,54000,yellow
300,90,5,3,27000,white
301,742,3,3,21000,pink
302,283,5,3,27000,purple
303,835,1,8,40000,pink
304,845,2,9,54000,white
305,176,3,3,21000,grey
306,533,1,10,50000,pink
307,769,5,5,45000,brown
308,973,1,8,40000,blue
309,763,2,8,48000,grey
310,245,2,7,42000,grey
311,769,2,3,18000,brown
312,927,2,10,60000,purple
313,12,5,6,54000,blue
314,434,4,5,40000,green
315,454,5,7,63000,brown
316,264,3,2,14000,blue
317,39,5,6,54000,white
318,777,5,9,81000,green
319,488,3,6,42000,pink
320,971,1,5,25000,green
321,645,2,2,12000,pink
322,796,3,10,70000,blue
323,644,2,2,12000,green
324,697,1,7,35000,purple
325,810,5,3,27000,yellow
326,185,1,2,10000,yellow
327,190,5,9,81000,grey
328,725,5,4,36000,green
329,225,2,8,48000,grey
330,349,4,5,40000,green
331,782,1,1,5000,yellow
332,598,5,3,27000,grey
333,918,4,10,80000,grey
334,288,3,1,7000,green
335,835,2,6,36000,yellow
336,239,1,7,35000,yellow
337,356,4,8,64000,white
338,767,1,5,25000,white
339,435,5,4,36000,white
340,610,4,1,8000,green
341,790,4,5,40000,yellow
342,985,3,8,56000,green
343,593,4,6,48000,blue
344,306,4,5,40000,brown
345,187,1,8,40000,yellow
346,498,2,4,24000,blue
347,782,4,9,72000,white
348,237,4,2,16000,blue
349,260,4,7,56000,yellow
350,90,5,8,72000,brown
351,556,1,1,5000,pink
352,378,4,3,24000,brown
353,623,3,4,28000,pink
354,38,4,6,48000,green
355,329,1,6,30000,purple
356,931,1,1,5000,green
357,276,3,8,56000,grey
358,286,5,8,72000,purple
359,206,3,9,63000,brown
360,610,3,4,28000,grey
361,517,2,5,30000,brown
362,467,5,1,9000,pink
363,836,4,4,32000,green
364,511,5,6,54000,yellow
365,694,3,1,7000,yellow
366,991,3,8,56000,pink
367,60,1,10,50000,yellow
368,980,4,4,32000,yellow
369,755,5,3,27000,green
370,728,3,10,70000,pink
371,404,2,3,18000,purple
372,105,3,1,7000,purple
373,583,3,7,49000,brown
374,227,1,7,35000,brown
375,368,3,10,70000,purple
376,88,3,3,21000,grey
377,39,4,7,56000,yellow
378,701,1,10,50000,grey
379,818,4,5,40000,pink
380,944,5,2,18000,pink
381,506,4,6,48000,brown
382,146,3,6,42000,grey
383,44,4,2,16000,green
384,123,2,7,42000,white
385,509,4,7,56000,purple
386,694,4,9,72000,purple
387,453,4,5,40000,blue
388,578,1,5,25000,blue
389,529,5,7,63000,green
390,484,4,6,48000,blue
391,602,2,8,48000,blue
392,563,4,4,32000,brown
393,553,3,3,21000,grey
394,824,2,1,6000,white
395,569,3,8,56000,green
396,455,3,2,14000,yellow
397,115,2,5,30000,yellow
398,415,3,10,70000,white
399,948,1,8,40000,brown
400,806,1,7,35000,pink
401,712,1,5,25000,brown
402,481,4,1,8000,brown
403,254,5,6,54000,yellow
404,693,1,6,30000,pink
405,965,1,7,35000,grey
406,613,3,10,70000,yellow
407,210,4,7,56000,pink
408,759,1,6,30000,yellow
409,5,4,6,48000,white
410,139,2,7,42000,white
411,291,2,1,6000,grey
412,313,5,2,18000,purple
413,996,5,9,81000,purple
414,60,3,8,56000,yellow
415,637,5,1,9000,green
416,477,5,5,45000,purple
417,520,5,8,72000,yellow
418,598,5,3,27000,purple
419,170,4,8,64000,brown
420,696,4,10,80000,grey
421,744,3,8,56000,grey
422,452,2,3,18000,purple
423,158,5,8,72000,grey
424,714,4,7,56000,yellow
425,314,3,4,28000,yellow
426,949,1,4,20000,purple
427,364,5,10,90000,green
428,256,2,3,18000,purple
429,769,4,3,24000,pink
430,164,1,7,35000,blue
431,64,3,7,49000,purple
432,735,3,9,63000,pink
433,856,3,5,35000,blue
434,791,4,7,56000,grey
435,280,3,7,49000,white
436,752,2,7,42000,white
437,128,3,7,49000,purple
438,93,4,8,64000,white
439,641,3,6,42000,yellow
440,741,4,9,72000,yellow
441,551,4,3,24000,white
442,366,2,10,60000,yellow
443,43,4,5,40000,white
444,814,2,4,24000,yellow
445,866,1,6,30000,yellow
446,654,1,2,10000,pink
447,450,3,9,63000,white
448,210,5,6,54000,white
449,368,2,1,6000,pink
450,14,4,8,64000,white
451,218,5,6,54000,purple
452,280,3,9,63000,brown
453,344,1,2,10000,blue
454,792,1,10,50000,yellow
455,90,2,7,42000,brown
456,177,1,7,35000,purple
457,152,4,6,48000,grey
458,472,4,5,40000,green
459,525,5,7,63000,purple
460,641,2,4,24000,white
461,351,5,3,27000,brown
462,53,1,1,5000,green
463,39,3,6,42000,white
464,507,4,7,56000,grey
465,140,2,10,60000,purple
466,390,5,10,90000,grey
467,315,3,2,14000,purple
468,145,5,1,9000,blue
469,706,1,6,30000,blue
470,944,4,3,24000,purple
471,418,1,3,15000,green
472,66,1,4,20000,yellow
473,728,3,4,28000,brown
474,54,1,2,10000,blue
475,358,4,5,40000,purple
476,806,2,9,54000,brown
477,198,4,7,56000,grey
478,12,4,4,32000,yellow
479,756,4,9,72000,purple
480,698,5,8,72000,pink
481,957,4,4,32000,pink
482,769,4,6,48000,brown
483,524,1,3,15000,white
484,944,1,9,45000,white
485,835,1,7,35000,green
486,382,4,8,64000,green
487,578,1,6,30000,brown
488,605,2,6,36000,brown
489,537,2,4,24000,grey
490,772,5,3,27000,green
491,698,1,1,5000,blue
492,212,3,2,14000,white
493,773,4,1,8000,yellow
494,487,2,1,6000,grey
495,885,5,5,45000,white
496,958,5,6,54000,yellow
497,546,5,10,90000,green
498,594,4,10,80000,yellow
499,193,2,10,60000,white
500,764,1,2,10000,yellow
501,228,5,6,54000,brown
502,68,5,1,9000,blue
503,228,3,3,21000,pink
504,630,2,3,18000,brown
505,248,1,4,20000,white
506,175,5,1,9000,pink
507,756,1,6,30000,white
508,236,1,7,35000,purple
509,540,2,4,24000,purple
510,431,1,5,25000,brown
511,614,3,9,63000,blue
512,52,3,10,70000,blue
513,971,1,10,50000,purple
514,760,3,9,63000,white
515,335,3,2,14000,white
516,747,1,5,25000,pink
517,549,4,5,40000,blue
518,619,3,8,56000,yellow
519,930,3,6,42000,purple
520,567,5,8,72000,yellow
521,613,2,10,60000,yellow
522,769,2,1,6000,yellow
523,23,5,1,9000,brown
524,189,2,6,36000,grey
525,983,2,6,36000,blue
526,912,4,5,40000,grey
527,784,2,8,48000,blue
528,358,4,9,72000,pink
529,784,2,5,30000,green
530,659,5,9,81000,white
531,20,3,9,63000,blue
532,407,2,3,18000,white
533,923,3,8,56000,brown
534,36,2,6,36000,blue
535,706,3,7,49000,white
536,731,1,5,25000,purple
537,999,5,7,63000,blue
538,443,5,9,81000,brown
539,443,3,3,21000,brown
540,374,4,3,24000,brown
541,427,1,4,20000,purple
542,81,3,7,49000,green
543,206,3,2,14000,pink
544,535,1,1,5000,yellow
545,729,4,9,72000,white
546,321,3,7,49000,yellow
547,735,2,5,30000,purple
548,648,1,10,50000,pink
549,849,2,6,36000,purple
550,983,1,4,20000,brown
551,673,2,1,6000,blue
552,289,2,3,18000,pink
553,209,3,6,42000,green
554,515,4,10,80000,blue
555,675,4,7,56000,brown
556,197,2,9,54000,pink
557,710,2,5,30000,blue
558,840,3,4,28000,blue
559,468,4,9,72000,blue
560,692,1,3,15000,white
561,738,1,8,40000,yellow
562,643,4,8,64000,purple
563,16,5,2,18000,blue
564,337,4,9,72000,grey
565,270,5,9,81000,green
566,833,1,5,25000,purple
567,491,3,4,28000,yellow
568,26,2,5,30000,yellow
569,142,2,7,42000,yellow
570,103,4,9,72000,blue
571,536,1,2,10000,purple
572,808,5,10,90000,brown
573,101,3,6,42000,yellow
574,670,4,3,24000,brown
575,527,5,4,36000,green
576,612,4,9,72000,blue
577,531,1,9,45000,white
578,182,2,10,60000,blue
579,342,2,5,30000,brown
580,267,1,1,5000,pink
581,642,3,5,35000,purple
582,675,5,5,45000,yellow
583,138,2,1,6000,blue
584,724,3,2,14000,yellow
585,718,5,5,45000,brown
586,841,3,4,28000,grey
587,276,2,8,48000,purple
588,694,1,5,25000,blue
589,847,1,1,5000,white
590,948,5,4,36000,white
591,44,3,8,56000,purple
592,279,3,8,56000,blue
593,762,4,3,24000,pink
594,897,4,1,8000,blue
595,225,2,9,54000,yellow
596,643,1,9,45000,blue
597,471,5,5,45000,purple
598,53,4,2,16000,pink
599,745,5,10,90000,grey
600,418,4,9,72000,green
601,436,1,1,5000,purple
602,30,2,8,48000,blue
603,959,2,4,24000,purple
604,678,2,10,60000,white
605,278,1,8,40000,pink
606,454,4,9,72000,white
607,872,3,9,63000,white
608,395,4,10,80000,pink
609,801,2,6,36000,brown
610,999,5,2,18000,grey
611,78,1,4,20000,white
612,381,5,2,18000,yellow
613,302,4,1,8000,white
614,956,1,6,30000,blue
615,118,5,9,81000,pink
616,947,5,5,45000,yellow
617,818,1,2,10000,grey
618,871,5,8,72000,blue
619,981,1,5,25000,green
620,673,2,7,42000,yellow
621,194,3,7,49000,yellow
622,86,3,9,63000,purple
623,712,1,3,15000,brown
624,912,2,5,30000,yellow
625,667,3,7,49000,yellow
626,400,2,5,30000,grey
627,106,1,3,15000,purple
628,755,3,7,49000,brown
629,252,2,7,42000,brown
630,363,1,3,15000,grey
631,723,2,3,18000,brown
632,893,2,7,42000,pink
633,368,2,10,60000,green
634,401,1,4,20000,pink
635,808,3,8,56000,green
636,17,2,6,36000,brown
637,118,4,10,80000,pink
638,907,2,7,42000,white
639,946,3,9,63000,purple
640,454,4,7,56000,white
641,858,4,8,64000,yellow
642,479,5,9,81000,white
643,594,1,5,25000,green
644,411,4,10,80000,yellow
645,940,3,3,21000,green
646,794,3,3,21000,purple
647,801,2,1,6000,green
648,887,4,9,72000,grey
649,897,1,2,10000,blue
650,525,4,3,24000,grey
651,795,5,9,81000,grey
652,66,5,3,27000,green
653,305,5,8,72000,yellow
654,77,4,9,72000,green
655,173,4,10,80000,blue
656,58,1,1,5000,white
657,261,2,6,36000,green
658,531,1,9,45000,brown
659,917,3,4,28000,grey
660,302,1,10,50000,pink
661,262,3,10,70000,grey
662,506,5,9,81000,pink
663,733,3,6,42000,white
664,614,5,10,90000,yellow
665,739,5,3,27000,yellow
666,677,1,7,35000,green
667,998,1,8,40000,green
668,297,2,9,54000,brown
669,731,3,2,14000,grey
670,78,4,5,40000,blue
671,813,1,5,25000,purple
672,187,1,7,35000,green
673,364,4,7,56000,pink
674,872,4,3,24000,blue
675,698,2,6,36000,yellow
676,693,5,3,27000,brown
677,73,1,8,40000,pink
678,593,3,8,56000,brown
679,866,3,8,56000,pink
680,647,2,1,6000,purple
681,167,3,4,28000,blue
682,675,1,2,10000,blue
683,260,5,2,18000,yellow
684,223,3,1,7000,yellow
685,6,5,2,18000,brown
686,852,1,5,25000,pink
687,477,2,5,30000,pink
688,995,5,6,54000,yellow
689,536,5,3,27000,brown
690,231,1,7,35000,blue
691,634,1,4,20000,pink
692,916,2,1,6000,grey
693,199,3,8,56000,purple
694,305,3,10,70000,white
695,705,3,5,35000,brown
696,443,2,6,36000,grey
697,562,4,10,80000,white
698,690,2,3,18000,green
699,980,3,7,49000,green
700,968,4,3,24000,green
701,788,4,2,16000,yellow
702,953,2,3,18000,pink
703,889,2,2,12000,white
704,768,5,3,27000,green
705,82,2,7,42000,white
706,757,2,7,42000,brown
707,323,4,10,80000,grey
708,622,3,8,56000,pink
709,140,5,7,63000,pink
710,295,2,4,24000,brown
711,209,2,8,48000,yellow
712,27,4,7,56000,grey
713,99,1,7,35000,purple
714,569,5,10,90000,white
715,770,3,5,35000,grey
716,961,3,6,42000,brown
717,922,1,9,45000,blue
718,861,4,10,80000,green
719,308,2,7,42000,brown
720,130,1,2,10000,green
721,439,2,3,18000,purple
722,952,5,5,45000,white
723,885,1,6,30000,purple
724,638,3,9,63000,green
725,438,4,2,16000,green
726,960,3,6,42000,brown
727,785,2,6,36000,white
728,211,5,10,90000,brown
729,156,2,10,60000,green
730,779,5,6,54000,blue
731,586,1,1,5000,grey
732,572,4,8,64000,grey
733,763,2,7,42000,yellow
734,924,3,2,14000,grey
735,469,5,7,63000,pink
736,849,5,2,18000,brown
737,871,3,7,49000,blue
738,284,1,3,15000,white
739,302,3,6,42000,white
740,596,2,3,18000,green
741,106,4,9,72000,white
742,476,4,9,72000,purple
743,75,2,3,18000,pink
744,242,4,3,24000,pink
745,355,1,2,10000,yellow
746,240,3,7,49000,purple
747,184,4,2,16000,blue
748,412,4,7,56000,purple
749,180,5,5,45000,brown
750,351,5,8,72000,pink
751,585,3,2,14000,pink
752,836,5,2,18000,blue
753,366,3,9,63000,brown
754,611,3,7,49000,yellow
755,770,4,5,40000,grey
756,218,1,2,10000,grey
757,844,1,1,5000,yellow
758,561,4,1,8000,green
759,511,5,2,18000,pink
760,115,5,5,45000,purple
761,945,1,1,5000,white
762,829,2,9,54000,white
763,136,5,10,90000,white
764,17,4,5,40000,purple
765,634,5,1,9000,green
766,909,1,5,25000,yellow
767,75,1,5,25000,blue
768,334,1,9,45000,purple
769,696,3,3,21000,grey
770,370,1,8,40000,green
771,256,2,4,24000,yellow
772,149,1,10,50000,blue
773,443,4,7,56000,pink
774,322,3,4,28000,purple
775,406,1,7,35000,purple
776,819,1,9,45000,yellow
777,672,5,8,72000,yellow
778,703,3,9,63000,blue
779,174,3,4,28000,blue
780,704,4,3,24000,green
781,800,4,9,72000,purple
782,720,2,10,60000,yellow
783,578,4,1,8000,yellow
784,148,2,4,24000,brown
785,764,3,8,56000,grey
786,424,2,8,48000,purple
787,958,4,7,56000,grey
788,953,2,10,60000,white
789,622,3,2,14000,green
790,146,2,6,36000,green
791,959,5,4,36000,white
792,770,3,7,49000,yellow
793,846,4,4,32000,brown
794,105,1,4,20000,purple
795,881,3,7,49000,green
796,554,1,6,30000,yellow
797,188,1,1,5000,green
798,459,4,3,24000,blue
799,893,2,9,54000,grey
800,165,5,2,18000,grey
801,192,5,10,90000,brown
802,228,5,10,90000,blue
803,181,5,5,45000,grey
804,79,2,10,60000,brown
805,199,1,7,35000,yellow
806,859,1,2,10000,grey
807,856,4,7,56000,purple
808,736,5,8,72000,brown
809,160,4,4,32000,pink
810,1,1,3,15000,white
811,707,2,4,24000,green
812,207,5,10,90000,green
813,890,3,4,28000,grey
814,390,4,10,80000,blue
815,550,2,4,24000,grey
816,231,5,4,36000,brown
817,429,3,7,49000,green
818,867,3,1,7000,white
819,180,5,2,18000,brown
820,229,3,1,7000,purple
821,503,4,6,48000,yellow
822,190,2,9,54000,purple
823,677,1,10,50000,yellow
824,926,5,2,18000,purple
825,734,3,10,70000,grey
826,784,3,7,49000,grey
827,598,3,5,35000,green
828,297,5,4,36000,green
829,923,1,9,45000,yellow
830,423,2,7,42000,grey
831,606,5,5,45000,purple
832,86,2,2,12000,white
833,934,3,1,7000,pink
834,262,3,9,63000,white
835,778,5,3,27000,green
836,282,2,4,24000,green
837,862,4,2,16000,blue
838,549,3,2,14000,purple
839,520,1,8,40000,white
840,616,4,3,24000,yellow
841,640,3,7,49000,grey
842,858,5,7,63000,yellow
843,306,5,3,27000,brown
844,297,3,10,70000,blue
845,691,1,8,40000,pink
846,269,1,4,20000,purple
847,299,1,2,10000,white
848,971,2,2,12000,blue
849,429,2,4,24000,brown
850,59,5,2,18000,white
851,780,5,4,36000,pink
852,679,4,10,80000,yellow
853,871,4,6,48000,white
854,239,1,6,30000,grey
855,736,2,10,60000,brown
856,192,5,3,27000,pink
857,288,5,1,9000,white
858,177,3,8,56000,white
859,788,5,8,72000,brown
860,688,4,8,64000,grey
861,585,1,10,50000,grey
862,700,5,10,90000,yellow
863,987,2,10,60000,purple
864,259,1,9,45000,purple
865,144,2,7,42000,brown
866,120,4,4,32000,grey
867,933,2,10,60000,yellow
868,84,2,3,18000,white
869,594,3,8,56000,yellow
870,793,1,5,25000,grey
871,810,5,9,81000,blue
872,993,4,3,24000,yellow
873,596,3,2,14000,pink
874,52,5,9,81000,white
875,256,3,3,21000,yellow
876,843,3,10,70000,white
877,60,1,4,20000,pink
878,18,4,5,40000,purple
879,86,4,7,56000,pink
880,184,2,10,60000,brown
881,446,4,1,8000,blue
882,25,2,3,18000,blue
883,674,2,6,36000,purple
884,169,3,6,42000,white
885,878,2,9,54000,blue
886,455,5,7,63000,blue
887,223,1,6,30000,brown
888,513,3,6,42000,blue
889,861,2,1,6000,grey
890,345,5,5,45000,pink
891,551,5,7,63000,purple
892,848,3,7,49000,brown
893,96,2,1,6000,brown
894,777,4,4,32000,grey
895,914,5,3,27000,brown
896,888,5,8,72000,white
897,197,4,2,16000,blue
898,547,2,3,18000,pink
899,702,1,3,15000,blue
900,158,4,5,40000,brown
901,167,4,9,72000,white
902,623,5,3,27000,purple
903,517,5,3,27000,purple
904,527,2,1,6000,yellow
905,469,4,2,16000,brown
906,185,5,1,9000,pink
907,754,5,3,27000,white
908,959,3,6,42000,yellow
909,250,4,1,8000,brown
910,724,4,10,80000,green
911,453,5,2,18000,blue
912,105,1,2,10000,yellow
913,691,3,1,7000,purple
914,900,1,3,15000,purple
915,851,2,9,54000,blue
916,476,4,3,24000,yellow
917,46,5,10,90000,grey
918,326,5,10,90000,green
919,563,4,10,80000,white
920,125,2,9,54000,green
921,193,3,8,56000,green
922,836,1,4,20000,purple
923,39,2,4,24000,pink
924,282,3,10,70000,blue
925,864,5,6,54000,purple
926,700,2,4,24000,blue
927,330,3,5,35000,brown
928,189,5,9,81000,green
929,870,1,5,25000,white
930,594,3,4,28000,blue
931,687,2,5,30000,purple
932,806,5,5,45000,pink
933,910,1,3,15000,blue
934,522,3,1,7000,white
935,703,2,9,54000,green
936,968,1,6,30000,purple
937,343,5,7,63000,white
938,587,2,9,54000,green
939,30,4,4,32000,green
940,814,1,2,10000,yellow
941,584,2,9,54000,grey
942,553,2,3,18000,grey
943,398,4,6,48000,yellow
944,191,2,6,36000,white
945,149,5,4,36000,green
946,412,1,3,15000,grey
947,843,2,4,24000,blue
948,152,5,6,54000,green
949,679,2,3,18000,pink
950,966,3,8,56000,green
951,513,3,8,56000,white
952,964,4,7,56000,brown
953,241,5,1,9000,blue
954,520,3,2,14000,grey
955,509,4,1,8000,white
956,841,3,4,28000,green
957,392,3,9,63000,purple
958,902,1,8,40000,yellow
959,375,5,2,18000,purple
960,510,2,3,18000,pink
961,145,1,8,40000,yellow
962,322,2,8,48000,white
963,987,2,7,42000,yellow
964,350,3,1,7000,white
965,643,1,5,25000,grey
966,900,2,5,30000,grey
967,942,3,1,7000,grey
968,515,3,4,28000,white
969,688,3,2,14000,blue
970,271,2,8,48000,yellow
971,598,5,9,81000,purple
972,602,3,8,56000,grey
973,202,2,4,24000,grey
974,547,1,5,25000,green
975,899,4,3,24000,blue
976,535,2,6,36000,white
977,81,4,4,32000,purple
978,859,4,8,64000,white
979,455,1,1,5000,white
980,858,3,6,42000,pink
981,639,3,10,70000,brown
982,333,5,10,90000,purple
983,613,4,2,16000,green
984,842,3,3,21000,pink
985,171,5,9,81000,blue
986,659,1,9,45000,blue
987,769,5,7,63000,brown
988,414,5,1,9000,brown
989,909,2,10,60000,green
990,595,4,4,32000,blue
991,991,4,6,48000,white
992,51,3,7,49000,white
993,343,2,2,12000,grey
994,527,5,2,18000,yellow
995,497,2,9,54000,brown
996,995,4,10,80000,white
997,56,4,10,80000,brown
998,231,5,7,63000,pink
999,464,3,7,49000,yellow
1000,608,5,6,54000,white
1001,416,3,3,21000,brown
1002,830,3,6,42000,brown
1003,461,3,2,14000,white
1004,614,2,1,6000,purple
1005,15,4,1,8000,green
1006,788,5,3,27000,white
1007,872,4,8,64000,white
1008,525,3,5,35000,pink
1009,322,3,4,28000,pink
1010,614,3,6,42000,blue
1011,656,2,9,54000,purple
1012,387,3,5,35000,brown
1013,975,4,5,40000,yellow
1014,318,3,5,35000,green
1015,53,5,5,45000,green
1016,669,3,4,28000,yellow
1017,39,4,2,16000,grey
1018,951,4,7,56000,purple
1019,221,3,9,63000,grey
1020,13,3,6,42000,blue
1021,955,3,7,49000,yellow
1022,786,2,9,54000,yellow
1023,297,5,3,27000,purple
1024,556,5,10,90000,grey
1025,416,3,10,70000,pink
1026,540,3,10,70000,purple
1027,72,5,2,18000,brown
1028,801,4,10,80000,brown
1029,21,3,2,14000,yellow
1030,526,2,1,6000,yellow
1031,764,5,10,90000,grey
1032,450,5,6,54000,grey
1033,508,2,3,18000,green
1034,330,1,9,45000,brown
1035,712,5,5,45000,yellow
1036,780,3,6,42000,pink
1037,900,3,3,21000,pink
1038,265,3,10,70000,purple
1039,798,3,1,7000,green
1040,718,1,1,5000,blue
1041,525,4,4,32000,pink
1042,967,1,1,5000,blue
1043,429,2,7,42000,grey
1044,912,2,5,30000,brown
1045,302,5,9,81000,green
1046,144,1,6,30000,pink
1047,835,3,10,70000,yellow
1048,914,5,3,27000,brown
1049,821,4,5,40000,brown
1050,386,2,8,48000,pink
1051,707,5,9,81000,purple
1052,355,4,3,24000,white
1053,391,5,5,45000,brown
1054,108,4,6,48000,purple
1055,503,2,1,6000,blue
1056,289,5,5,45000,green
1057,327,4,3,24000,pink
1058,570,3,8,56000,yellow
1059,156,4,2,16000,pink
1060,958,4,10,80000,grey
1061,669,3,6,42000,green
1062,670,4,2,16000,brown
1063,489,1,2,10000,green
1064,51,3,1,7000,yellow
1065,146,5,3,27000,purple
1066,675,2,5,30000,blue
1067,579,4,1,8000,brown
1068,917,1,1,5000,white
1069,536,3,7,49000,purple
1070,62,5,6,54000,purple
1071,703,1,3,15000,purple
1072,642,2,8,48000,green
1073,288,1,3,15000,brown
1074,718,1,5,25000,brown
1075,425,5,8,72000,purple
1076,893,3,5,35000,purple
1077,271,5,10,90000,yellow
1078,348,2,10,60000,yellow
1079,561,2,6,36000,grey
1080,61,4,9,72000,yellow
1081,169,3,2,14000,yellow
1082,892,3,6,42000,blue
1083,529,5,4,36000,yellow
1084,134,4,2,16000,pink
1085,201,1,8,40000,pink
1086,494,2,4,24000,pink
1087,674,4,10,80000,blue
1088,139,1,9,45000,white
1089,607,4,10,80000,white
1090,250,3,10,70000,grey
1091,752,2,6,36000,green
1092,107,4,8,64000,grey
1093,711,4,7,56000,white
1094,147,2,7,42000,green
1095,964,1,6,30000,grey
1096,749,1,4,20000,white
1097,717,4,1,8000,brown
1098,188,4,4,32000,green
1099,562,3,10,70000,yellow
1100,317,4,2,16000,grey
1101,479,3,10,70000,brown
1102,414,2,10,60000,pink
1103,341,5,3,27000,white
1104,52,5,9,81000,pink
1105,209,4,2,16000,pink
1106,108,2,8,48000,green
1107,524,3,4,28000,pink
1108,835,5,6,54000,green
1109,826,4,7,56000,brown
1110,842,3,7,49000,pink
1111,457,5,9,81000,pink
1112,861,5,7,63000,grey
1113,831,1,6,30000,brown
1114,180,4,7,56000,blue
1115,521,1,10,50000,blue
1116,739,2,10,60000,blue
1117,21,3,2,14000,pink
1118,25,4,8,64000,blue
1119,131,1,1,5000,green
1120,991,1,2,10000,grey
1121,994,3,3,21000,pink
1122,743,2,6,36000,purple
1123,750,1,2,10000,white
1124,358,2,6,36000,brown
1125,705,4,6,48000,yellow
1126,848,1,5,25000,purple
1127,249,5,4,36000,purple
1128,936,1,10,50000,green
1129,440,2,1,6000,blue
1130,417,4,3,24000,white
1131,400,1,2,10000,brown
1132,542,3,2,14000,brown
1133,101,1,4,20000,pink
1134,855,3,9,63000,white
1135,849,2,3,18000,brown
1136,892,1,3,15000,pink
1137,666,2,5,30000,pink
1138,464,3,7,49000,purple
1139,939,1,4,20000,green
1140,901,4,1,8000,white
1141,792,4,7,56000,white
1142,203,5,7,63000,blue
1143,745,5,8,72000,pink
1144,730,3,8,56000,white
1145,574,5,10,90000,pink
1146,247,3,4,28000,blue
1147,655,2,4,24000,purple
1148,359,5,3,27000,white
1149,798,2,4,24000,purple
1150,692,4,10,80000,purple
1151,220,3,4,28000,green
1152,814,3,8,56000,green
1153,590,1,5,25000,purple
1154,585,4,5,40000,white
1155,952,1,10,50000,purple
1156,434,1,10,50000,green
1157,753,4,2,16000,blue
1158,252,4,7,56000,yellow
1159,329,3,4,28000,green
1160,191,3,9,63000,brown
1161,930,2,1,6000,blue
1162,690,4,7,56000,blue
1163,791,1,5,25000,grey
1164,722,4,4,32000,purple
1165,715,5,7,63000,yellow
1166,693,2,10,60000,pink
1167,201,1,7,35000,grey
1168,53,3,7,49000,brown
1169,958,4,4,32000,white
1170,488,5,1,9000,green
1171,659,2,9,54000,grey
1172,589,3,7,49000,yellow
1173,800,5,5,45000,blue
1174,99,2,3,18000,blue
1175,710,1,8,40000,pink
1176,472,4,5,40000,pink
1177,258,2,2,12000,blue
1178,748,2,8,48000,yellow
1179,479,2,1,6000,purple
1180,761,3,10,70000,grey
1181,512,2,7,42000,white
1182,535,5,9,81000,grey
1183,387,5,3,27000,purple
1184,804,1,3,15000,blue
1185,953,3,7,49000,brown
1186,349,2,6,36000,yellow
1187,218,1,7,35000,brown
1188,780,3,6,42000,grey
1189,93,2,6,36000,yellow
1190,26,3,4,28000,purple
1191,546,1,9,45000,brown
1192,538,2,5,30000,yellow
1193,366,5,6,54000,grey
1194,773,4,2,16000,brown
1195,110,5,10,90000,grey
1196,24,5,5,45000,yellow
1197,244,3,6,42000,purple
1198,737,1,5,25000,yellow
1199,831,4,1,8000,green
1200,949,2,8,48000,purple
1201,444,2,5,30000,green
1202,842,1,8,40000,yellow
1203,918,1,1,5000,pink
1204,482,2,3,18000,grey
1205,82,1,1,5000,blue
1206,236,4,4,32000,grey
1207,872,2,5,30000,purple
1208,508,3,8,56000,blue
1209,43,1,1,5000,blue
1210,206,1,7,35000,white
1211,416,5,4,36000,brown
1212,967,3,9,63000,white
1213,447,2,6,36000,white
1214,730,2,3,18000,white
1215,928,1,3,15000,blue
1216,206,5,2,18000,white
1217,463,5,10,90000,purple
1218,861,4,3,24000,brown
1219,832,3,5,35000,grey
1220,19,5,5,45000,brown
1221,581,2,9,54000,green
1222,844,2,10,60000,pink
1223,866,3,1,7000,pink
1224,721,2,3,18000,brown
1225,117,2,1,6000,grey
1226,558,3,2,14000,grey
1227,161,2,3,18000,yellow
1228,828,5,10,90000,yellow
1229,766,2,6,36000,purple
1230,372,5,2,18000,grey
1231,393,2,8,48000,purple
1232,730,1,6,30000,white
1233,47,1,1,5000,yellow
1234,918,1,2,10000,white
1235,185,1,9,45000,green
1236,628,4,3,24000,purple
1237,203,2,4,24000,blue
1238,190,5,8,72000,grey
1239,886,5,6,54000,pink
1240,185,1,9,45000,blue
1241,343,3,1,7000,pink
1242,78,1,2,10000,green
1243,89,3,10,70000,purple
1244,795,4,1,8000,brown
1245,930,1,6,30000,pink
1246,740,2,3,18000,yellow
1247,231,1,4,20000,brown
1248,635,2,4,24000,yellow
1249,653,3,3,21000,blue
1250,550,2,7,42000,blue
1251,309,4,2,16000,pink
1252,571,3,5,35000,green
1253,626,4,5,40000,purple
1254,871,4,6,48000,purple
1255,343,5,6,54000,pink
1256,707,5,6,54000,yellow
1257,416,4,5,40000,white
1258,906,1,8,40000,yellow
1259,563,2,3,18000,grey
1260,468,4,1,8000,green
1261,826,5,3,27000,white
1262,365,1,10,50000,yellow
1263,297,3,9,63000,purple
1264,126,4,8,64000,grey
1265,175,3,1,7000,green
1266,220,5,4,36000,purple
1267,378,5,1,9000,blue
1268,43,4,8,64000,pink
1269,303,3,7,49000,purple
1270,383,4,5,40000,white
1271,406,2,9,54000,grey
1272,172,2,4,24000,purple
1273,744,3,3,21000,pink
1274,932,5,1,9000,purple
1275,661,2,6,36000,green
1276,218,1,3,15000,green
1277,746,4,8,64000,yellow
1278,156,2,3,18000,yellow
1279,391,5,1,9000,pink
1280,811,5,5,45000,yellow
1281,487,1,8,40000,pink
1282,627,3,5,35000,pink
1283,186,4,6,48000,blue
1284,555,1,10,50000,grey
1285,553,2,5,30000,grey
1286,762,3,5,35000,green
1287,333,1,8,40000,green
1288,800,5,6,54000,white
1289,57,5,1,9000,yellow
1290,293,4,4,32000,brown
1291,174,1,3,15000,yellow
1292,119,5,7,63000,yellow
1293,816,1,10,50000,yellow
1294,484,2,10,60000,yellow
1295,380,3,6,42000,white
1296,907,2,2,12000,pink
1297,201,3,4,28000,green
1298,776,1,10,50000,blue
1299,377,1,3,15000,purple
1300,431,3,9,63000,green
1301,663,2,7,42000,blue
1302,794,2,2,12000,yellow
1303,285,3,3,21000,pink
1304,801,5,9,81000,pink
1305,76,2,10,60000,yellow
1306,110,1,6,30000,brown
1307,292,4,9,72000,green
1308,840,2,5,30000,yellow
1309,696,4,6,48000,brown
1310,540,4,2,16000,blue
1311,292,4,4,32000,blue
1312,962,4,8,64000,brown
1313,419,4,4,32000,yellow
1314,458,1,2,10000,pink
1315,577,4,3,24000,pink
1316,78,1,9,45000,green
1317,925,5,9,81000,grey
1318,37,2,5,30000,pink
1319,874,4,2,16000,brown
1320,919,3,2,14000,white
1321,805,1,8,40000,blue
1322,972,4,8,64000,blue
1323,66,4,9,72000,purple
1324,124,1,5,25000,blue
1325,630,1,1,5000,blue
1326,975,4,7,56000,purple
1327,723,3,8,56000,blue
1328,468,2,9,54000,green
1329,140,2,6,36000,purple
1330,780,5,5,45000,green
1331,431,4,3,24000,yellow
1332,560,3,1,7000,grey
1333,650,5,2,18000,brown
1334,832,4,3,24000,blue
1335,609,1,8,40000,purple
1336,817,5,7,63000,white
1337,11,3,5,35000,blue
1338,408,2,5,30000,yellow
1339,36,4,3,24000,purple
1340,729,1,8,40000,green
1341,758,2,6,36000,green
1342,244,2,5,30000,green
1343,227,3,5,35000,green
1344,947,3,3,21000,pink
1345,353,2,10,60000,pink
1346,642,2,4,24000,brown
1347,454,3,8,56000,yellow
1348,415,5,7,63000,white
1349,856,5,1,9000,white
1350,636,1,9,45000,pink
1351,615,1,2,10000,white
1352,609,4,1,8000,white
1353,485,3,8,56000,brown
1354,487,2,7,42000,green
1355,615,1,9,45000,green
1356,555,1,1,5000,blue
1357,969,4,8,64000,yellow
1358,620,5,2,18000,purple
1359,552,2,4,24000,green
1360,418,5,6,54000,pink
1361,322,5,7,63000,white
1362,227,1,3,15000,blue
1363,817,2,1,6000,green
1364,693,3,7,49000,grey
1365,670,1,9,45000,yellow
1366,731,3,9,63000,grey
1367,766,4,7,56000,grey
1368,798,2,7,42000,pink
1369,911,3,8,56000,white
1370,654,3,10,70000,pink
1371,697,4,6,48000,white
1372,252,1,9,45000,brown
1373,107,2,6,36000,grey
1374,395,2,2,12000,white
1375,309,1,8,40000,white
1376,483,2,2,12000,purple
1377,200,3,2,14000,yellow
1378,656,3,8,56000,grey
1379,259,1,7,35000,blue
1380,681,5,5,45000,yellow
1381,775,1,10,50000,purple
1382,425,1,10,50000,purple
1383,292,3,10,70000,yellow
1384,783,4,9,72000,green
1385,985,1,10,50000,grey
1386,198,3,4,28000,blue
1387,445,1,4,20000,brown
1388,703,4,8,64000,pink
1389,853,5,9,81000,pink
1390,123,3,4,28000,brown
1391,466,2,6,36000,pink
1392,617,5,9,81000,green
1393,723,2,10,60000,green
1394,430,1,4,20000,pink
1395,499,4,8,64000,grey
1396,381,4,9,72000,brown
1397,271,2,8,48000,pink
1398,110,3,9,63000,grey
1399,710,1,9,45000,yellow
1400,264,4,4,32000,grey
1401,16,2,9,54000,grey
1402,152,3,4,28000,brown
1403,188,4,5,40000,purple
1404,703,4,2,16000,brown
1405,553,4,5,40000,pink
1406,517,4,4,32000,purple
1407,541,5,1,9000,white
1408,799,3,6,42000,white
1409,931,1,8,40000,pink
1410,164,3,7,49000,blue
1411,645,3,3,21000,pink
1412,150,1,1,5000,green
1413,871,3,4,28000,pink
1414,181,3,7,49000,purple
1415,950,2,3,18000,blue
1416,915,2,1,6000,brown
1417,270,2,8,48000,green
1418,563,1,1,5000,brown
1419,762,5,10,90000,purple
1420,968,2,5,30000,white
1421,452,1,7,35000,grey
1422,128,1,3,15000,white
1423,855,5,2,18000,white
1424,672,1,10,50000,purple
1425,490,3,5,35000,white
1426,449,5,1,9000,white
1427,287,2,2,12000,blue
1428,210,2,1,6000,blue
1429,265,2,1,6000,blue
1430,887,1,3,15000,yellow
1431,817,1,7,35000,yellow
1432,132,1,10,50000,purple
1433,500,2,9,54000,pink
1434,222,1,6,30000,white
1435,939,4,9,72000,grey
1436,177,2,6,36000,green
1437,713,4,2,16000,grey
1438,344,2,2,12000,green
1439,511,1,8,40000,blue
1440,144,1,4,20000,green
1441,918,5,3,27000,blue
1442,859,2,5,30000,brown
1443,484,4,6,48000,purple
1444,794,2,4,24000,brown
1445,665,5,1,9000,grey
1446,223,4,2,16000,brown
1447,549,4,7,56000,grey
1448,121,4,5,40000,grey
1449,531,2,4,24000,blue
1450,393,2,3,18000,blue
1451,960,1,5,25000,brown
1452,763,4,5,40000,purple
1453,893,1,5,25000,brown
1454,129,2,4,24000,pink
1455,634,1,10,50000,green
1456,772,2,1,6000,purple
1457,263,3,9,63000,purple
1458,169,5,5,45000,pink
1459,775,3,8,56000,pink
1460,769,1,6,30000,pink
1461,142,4,1,8000,pink
1462,293,4,5,40000,purple
1463,912,4,8,64000,yellow
1464,118,1,10,50000,grey
1465,970,2,2,12000,white
1466,702,5,3,27000,blue
1467,866,5,4,36000,purple
1468,100,1,1,5000,purple
1469,2,3,5,35000,purple
1470,229,4,3,24000,yellow
1471,670,4,3,24000,yellow
1472,805,1,4,20000,purple
1473,665,5,8,72000,purple
1474,849,5,9,81000,brown
1475,604,4,7,56000,yellow
1476,293,4,7,56000,yellow
1477,905,4,9,72000,purple
1478,834,3,3,21000,brown
1479,176,5,9,81000,pink
1480,784,3,6,42000,green
1481,838,2,3,18000,yellow
1482,509,5,5,45000,brown
1483,588,5,1,9000,yellow
1484,964,5,2,18000,blue
1485,972,3,2,14000,yellow
1486,699,4,10,80000,grey
1487,489,2,9,54000,blue
1488,116,3,6,42000,green
1489,762,2,8,48000,white
1490,889,3,8,56000,green
1491,33,3,7,49000,green
1492,255,3,8,56000,brown
1493,857,2,3,18000,green
1494,130,3,4,28000,yellow
1495,297,5,6,54000,grey
1496,189,1,5,25000,blue
1497,330,5,9,81000,grey
1498,114,5,2,18000,yellow
1499,327,5,1,9000,grey
1500,659,3,8,56000,pink
1501,636,2,3,18000,grey
1502,89,1,1,5000,grey
1503,304,1,7,35000,yellow
1504,490,2,7,42000,blue
1505,648,2,9,54000,purple
1506,230,5,3,27000,blue
1507,82,3,1,7000,white
1508,660,2,2,12000,green
1509,862,3,8,56000,grey
1510,844,4,3,24000,grey
1511,736,2,5,30000,brown
1512,654,5,6,54000,purple
1513,195,3,9,63000,yellow
1514,147,2,7,42000,blue
1515,410,2,10,60000,purple
1516,347,5,7,63000,pink
1517,10,4,6,48000,yellow
1518,844,3,3,21000,yellow
1519,651,3,8,56000,purple
1520,627,1,4,20000,brown
1521,704,4,1,8000,grey
1522,690,4,9,72000,blue
1523,273,2,6,36000,pink
1524,217,4,2,16000,grey
1525,75,3,7,49000,purple
1526,380,3,4,28000,yellow
1527,679,1,7,35000,yellow
1528,540,3,9,63000,green
1529,271,1,2,10000,blue
1530,452,2,10,60000,grey
1531,686,5,7,63000,pink
1532,631,5,5,45000,brown
1533,530,3,7,49000,green
1534,347,3,3,21000,green
1535,682,5,8,72000,grey
1536,410,2,9,54000,blue
1537,84,4,9,72000,grey
1538,548,2,4,24000,green
1539,486,3,8,56000,blue
1540,424,2,9,54000,purple
1541,600,2,3,18000,green
1542,407,2,1,6000,yellow
1543,683,3,4,28000,pink
1544,770,5,1,9000,brown
1545,895,4,9,72000,blue
1546,643,5,4,36000,blue
1547,143,1,9,45000,green
1548,13,5,7,63000,blue
1549,471,5,1,9000,yellow
1550,734,1,1,5000,white
1551,411,4,7,56000,brown
1552,975,5,10,90000,white
1553,689,4,9,72000,green
1554,372,4,9,72000,blue
1555,948,5,3,27000,pink
1556,819,4,3,24000,yellow
1557,309,5,9,81000,green
1558,978,1,10,50000,white
1559,501,3,3,21000,brown
1560,956,4,1,8000,brown
1561,737,2,1,6000,blue
1562,513,5,6,54000,grey
1563,254,5,9,81000,brown
1564,555,2,5,30000,yellow
1565,512,3,4,28000,pink
1566,103,5,4,36000,purple
1567,265,3,4,28000,brown
1568,782,3,1,7000,yellow
1569,946,2,2,12000,green
1570,397,5,2,18000,grey
1571,305,5,7,63000,grey
1572,990,5,6,54000,brown
1573,628,2,1,6000,purple
1574,694,4,4,32000,yellow
1575,825,5,7,63000,brown
1576,358,4,9,72000,purple
1577,3,1,1,5000,purple
1578,513,1,6,30000,green
1579,7,2,1,6000,purple
1580,179,1,3,15000,blue
1581,481,2,4,24000,green
1582,862,4,5,40000,blue
1583,392,3,3,21000,blue
1584,210,2,6,36000,brown
1585,762,4,3,24000,green
1586,925,4,4,32000,blue
1587,360,2,1,6000,grey
1588,646,1,10,50000,green
1589,301,5,7,63000,pink
1590,557,4,8,64000,grey
1591,417,5,7,63000,blue
1592,321,2,5,30000,purple
1593,815,4,7,56000,white
1594,118,4,2,16000,yellow
1595,400,3,6,42000,brown
1596,511,1,10,50000,yellow
1597,966,2,10,60000,grey
1598,314,3,2,14000,grey
1599,33,4,2,16000,white
1600,593,5,6,54000,brown
1601,873,2,3,18000,yellow
1602,670,1,1,5000,yellow
1603,473,2,5,30000,green
1604,842,3,8,56000,brown
1605,636,1,7,35000,blue
1606,732,4,10,80000,blue
1607,359,1,9,45000,blue
1608,563,3,5,35000,brown
1609,358,1,1,5000,grey
1610,759,1,9,45000,green
1611,707,2,4,24000,purple
1612,90,4,2,16000,pink
1613,514,5,3,27000,white
1614,491,5,3,27000,brown
1615,590,3,10,70000,white
1616,618,4,10,80000,white
1617,510,3,2,14000,white
1618,490,3,8,56000,blue
1619,381,5,7,63000,yellow
1620,861,4,4,32000,green
1621,134,2,7,42000,purple
1622,147,1,1,5000,brown
1623,274,3,9,63000,yellow
1624,78,3,1,7000,grey
1625,860,4,1,8000,green
1626,381,5,1,9000,brown
1627,300,2,10,60000,grey
1628,662,5,5,45000,green
1629,952,5,4,36000,purple
1630,162,2,1,6000,blue
1631,842,3,1,7000,purple
1632,884,5,1,9000,brown
1633,342,5,3,27000,green
1634,680,3,9,63000,purple
1635,527,5,2,18000,blue
1636,498,2,1,6000,grey
1637,958,5,10,90000,green
1638,370,4,2,16000,purple
1639,120,3,8,56000,green
1640,694,2,6,36000,green
1641,675,1,3,15000,pink
1642,694,1,1,5000,yellow
1643,347,1,4,20000,brown
1644,539,4,5,40000,brown
1645,318,5,5,45000,purple
1646,14,3,10,70000,blue
1647,290,1,2,10000,white
1648,667,3,8,56000,purple
1649,298,5,9,81000,blue
1650,164,4,1,8000,blue
1651,778,5,8,72000,pink
1652,522,4,5,40000,yellow
1653,466,5,2,18000,blue
1654,123,4,7,56000,yellow
1655,589,4,7,56000,grey
1656,407,1,5,25000,white
1657,786,1,7,35000,grey
1658,198,2,2,12000,purple
1659,440,2,3,18000,grey
1660,554,2,9,54000,green
1661,3,2,10,60000,yellow
1662,549,2,6,36000,brown
1663,76,4,3,24000,white
1664,783,5,3,27000,grey
1665,338,5,1,9000,brown
1666,20,1,8,40000,yellow
1667,431,1,9,45000,yellow
1668,104,4,7,56000,purple
1669,330,2,7,42000,grey
1670,121,5,3,27000,green
1671,805,1,5,25000,brown
1672,692,1,4,20000,green
1673,579,1,6,30000,blue
1674,471,4,5,40000,blue
1675,2,1,4,20000,pink
1676,959,5,3,27000,blue
1677,10,5,7,63000,green
1678,864,5,3,27000,purple
1679,240,4,10,80000,pink
1680,939,4,2,16000,green
1681,29,5,8,72000,green
1682,667,1,2,10000,blue
1683,961,3,4,28000,yellow
1684,607,2,5,30000,pink
1685,458,1,1,5000,blue
1686,832,2,4,24000,blue
1687,639,5,7,63000,blue
1688,730,1,1,5000,green
1689,62,2,7,42000,white
1690,304,5,4,36000,blue
1691,59,2,4,24000,blue
1692,963,1,4,20000,pink
1693,503,3,1,7000,purple
1694,681,1,3,15000,pink
1695,275,4,7,56000,pink
1696,895,2,8,48000,grey
1697,49,2,2,12000,white
1698,627,3,7,49000,grey
1699,70,2,1,6000,grey
1700,77,3,8,56000,yellow
1701,694,5,4,36000,yellow
1702,824,5,2,18000,brown
1703,190,5,10,90000,white
1704,252,3,2,14000,pink
1705,970,5,10,90000,purple
1706,780,1,5,25000,green
1707,289,1,10,50000,brown
1708,29,5,4,36000,brown
1709,857,2,3,18000,brown
1710,267,5,3,27000,purple
1711,225,1,6,30000,white
1712,449,2,5,30000,green
1713,508,1,3,15000,yellow
1714,757,5,7,63000,brown
1715,401,3,4,28000,white
1716,840,1,5,25000,white
1717,961,5,5,45000,green
1718,167,5,3,27000,white
1719,278,1,5,25000,pink
1720,906,1,9,45000,brown
1721,494,1,5,25000,brown
1722,991,3,10,70000,grey
1723,175,2,9,54000,white
1724,610,4,10,80000,white
1725,517,3,9,63000,blue
1726,655,5,4,36000,yellow
1727,895,5,1,9000,yellow
1728,683,2,10,60000,purple
1729,751,1,6,30000,pink
1730,854,2,8,48000,grey
1731,768,1,2,10000,brown
1732,214,2,6,36000,green
1733,725,2,8,48000,grey
1734,925,2,7,42000,brown
1735,914,2,6,36000,brown
1736,37,4,4,32000,grey
1737,352,1,10,50000,brown
1738,521,4,8,64000,purple
1739,241,2,6,36000,white
1740,948,4,8,64000,brown
1741,26,1,5,25000,yellow
1742,33,4,9,72000,white
1743,698,4,10,80000,purple
1744,712,2,2,12000,brown
1745,120,2,9,54000,pink
1746,183,1,9,45000,green
1747,941,5,10,90000,white
1748,529,3,8,56000,green
1749,870,4,5,40000,grey
1750,744,2,9,54000,green
1751,919,4,3,24000,white
1752,954,2,5,30000,brown
1753,323,3,2,14000,blue
1754,247,3,4,28000,brown
1755,925,5,6,54000,blue
1756,666,2,8,48000,purple
1757,96,4,3,24000,brown
1758,373,4,4,32000,yellow
1759,867,4,3,24000,white
1760,96,4,7,56000,grey
1761,730,5,2,18000,brown
1762,896,2,7,42000,blue
1763,766,1,3,15000,blue
1764,716,2,1,6000,purple
1765,62,3,9,63000,blue
1766,651,1,4,20000,purple
1767,684,5,3,27000,purple
1768,465,2,1,6000,yellow
1769,567,3,2,14000,pink
1770,309,4,5,40000,blue
1771,588,5,7,63000,green
1772,988,1,8,40000,blue
1773,61,5,7,63000,brown
1774,928,3,2,14000,grey
1775,923,3,6,42000,yellow
1776,885,1,1,5000,grey
1777,377,2,10,60000,white
1778,924,3,9,63000,blue
1779,574,2,8,48000,brown
1780,695,3,7,49000,green
1781,511,5,3,27000,white
1782,448,3,6,42000,yellow
1783,782,4,9,72000,blue
1784,435,2,4,24000,purple
1785,383,2,7,42000,yellow
1786,875,3,2,14000,pink
1787,371,1,7,35000,purple
1788,874,5,6,54000,purple
1789,99,4,8,64000,blue
1790,838,4,5,40000,blue
1791,469,5,3,27000,white
1792,179,1,1,5000,pink
1793,14,2,6,36000,grey
1794,564,3,2,14000,grey
1795,425,4,5,40000,yellow
1796,702,5,10,90000,pink
1797,361,3,2,14000,blue
1798,45,4,1,8000,purple
1799,382,2,6,36000,grey
1800,654,1,6,30000,purple
1801,374,5,6,54000,yellow
1802,451,3,8,56000,purple
1803,572,4,6,48000,white
1804,443,3,7,49000,pink
1805,74,2,2,12000,yellow
1806,828,2,3,18000,white
1807,870,3,9,63000,grey
1808,199,3,9,63000,brown
1809,8,5,3,27000,green
1810,858,1,9,45000,brown
1811,222,1,5,25000,yellow
1812,261,5,6,54000,pink
1813,577,5,9,81000,white
1814,450,2,9,54000,pink
1815,707,2,2,12000,grey
1816,63,1,2,10000,yellow
1817,666,1,1,5000,pink
1818,417,4,4,32000,blue
1819,844,2,2,12000,white
1820,230,1,1,5000,yellow
1821,263,3,3,21000,white
1822,986,2,8,48000,green
1823,958,3,9,63000,yellow
1824,437,2,1,6000,blue
1825,346,3,9,63000,white
1826,322,3,3,21000,yellow
1827,102,5,5,45000,yellow
1828,148,4,6,48000,blue
1829,18,4,5,40000,brown
1830,222,2,10,60000,blue
1831,926,4,4,32000,purple
1832,120,5,5,45000,yellow
1833,847,4,2,16000,yellow
1834,114,2,10,60000,blue
1835,768,5,7,63000,blue
1836,707,2,10,60000,brown
1837,363,4,5,40000,blue
1838,132,3,5,35000,purple
1839,799,5,10,90000,purple
1840,39,2,2,12000,blue
1841,242,3,9,63000,white
1842,917,3,4,28000,pink
1843,987,2,3,18000,blue
1844,362,4,3,24000,brown
1845,226,4,3,24000,white
1846,803,4,1,8000,purple
1847,797,3,4,28000,purple
1848,896,2,9,54000,grey
1849,381,4,2,16000,grey
1850,866,1,8,40000,blue
1851,156,3,1,7000,blue
1852,58,3,4,28000,brown
1853,106,1,5,25000,purple
1854,478,3,6,42000,grey
1855,473,3,6,42000,pink
1856,913,2,8,48000,pink
1857,564,3,5,35000,yellow
1858,883,3,5,35000,grey
1859,736,5,10,90000,brown
1860,747,5,9,81000,grey
1861,508,2,2,12000,grey
1862,162,3,5,35000,blue
1863,7,1,3,15000,pink
1864,976,3,5,35000,grey
1865,562,5,8,72000,white
1866,372,5,3,27000,white
1867,466,4,9,72000,white
1868,870,1,6,30000,brown
1869,851,2,2,12000,grey
1870,978,2,9,54000,white
1871,631,1,8,40000,green
1872,649,1,6,30000,brown
1873,954,1,6,30000,purple
1874,797,4,10,80000,yellow
1875,768,1,8,40000,grey
1876,926,1,8,40000,blue
1877,77,1,1,5000,brown
1878,325,4,3,24000,purple
1879,725,1,9,45000,grey
1880,637,4,5,40000,brown
1881,439,3,2,14000,grey
1882,513,3,9,63000,yellow
1883,42,5,1,9000,green
1884,56,2,7,42000,brown
1885,991,1,1,5000,brown
1886,234,3,9,63000,green
1887,852,4,6,48000,pink
1888,406,3,8,56000,grey
1889,936,5,1,9000,blue
1890,406,4,1,8000,blue
1891,631,5,3,27000,brown
1892,78,1,8,40000,pink
1893,775,3,5,35000,white
1894,382,4,9,72000,pink
1895,289,1,9,45000,brown
1896,530,2,3,18000,yellow
1897,209,2,7,42000,pink
1898,715,4,6,48000,green
1899,661,1,6,30000,purple
1900,600,3,3,21000,brown
1901,593,4,4,32000,brown
1902,248,5,6,54000,white
1903,447,3,6,42000,green
1904,783,3,5,35000,yellow
1905,837,1,9,45000,grey
1906,564,2,5,30000,green
1907,371,2,2,12000,blue
1908,56,1,9,45000,purple
1909,266,3,6,42000,white
1910,278,5,5,45000,white
1911,457,2,4,24000,grey
1912,868,5,8,72000,purple
1913,570,4,1,8000,green
1914,276,5,1,9000,green
1915,398,4,7,56000,white
1916,739,2,7,42000,blue
1917,217,4,10,80000,white
1918,644,1,3,15000,brown
1919,194,1,4,20000,purple
1920,238,1,8,40000,grey
1921,795,2,8,48000,purple
1922,560,5,2,18000,green
1923,981,2,5,30000,green
1924,707,1,7,35000,purple
1925,648,1,7,35000,grey
1926,16,1,4,20000,grey
1927,589,4,2,16000,pink
1928,373,1,3,15000,pink
1929,866,3,6,42000,purple
1930,747,5,2,18000,yellow
1931,643,3,6,42000,purple
1932,910,1,5,25000,brown
1933,87,2,10,60000,brown
1934,710,4,3,24000,grey
1935,832,4,3,24000,green
1936,853,2,1,6000,blue
1937,273,4,1,8000,brown
1938,685,1,2,10000,purple
1939,795,4,9,72000,white
1940,345,4,1,8000,blue
1941,697,5,3,27000,purple
1942,304,1,7,35000,pink
1943,426,4,2,16000,grey
1944,819,3,9,63000,yellow
1945,572,2,5,30000,grey
1946,497,2,9,54000,brown
1947,123,4,2,16000,brown
1948,527,1,8,40000,grey
1949,745,3,3,21000,white
1950,685,1,4,20000,brown
1951,237,5,4,36000,grey
1952,49,2,9,54000,purple
1953,355,2,10,60000,grey
1954,980,3,2,14000,yellow
1955,731,2,9,54000,yellow
1956,714,4,2,16000,green
1957,372,1,3,15000,yellow
1958,920,2,3,18000,grey
1959,31,1,8,40000,brown
1960,304,5,3,27000,grey
1961,696,5,6,54000,yellow
1962,765,5,10,90000,green
1963,770,2,9,54000,brown
1964,325,2,4,24000,grey
1965,627,2,2,12000,blue
1966,193,1,2,10000,brown
1967,325,5,8,72000,grey
1968,717,5,10,90000,pink
1969,352,1,7,35000,pink
1970,176,1,10,50000,grey
1971,948,4,1,8000,green
1972,272,2,7,42000,yellow
1973,450,4,9,72000,green
1974,774,3,4,28000,blue
1975,496,2,10,60000,purple
1976,38,2,7,42000,brown
1977,290,2,6,36000,green
1978,702,4,3,24000,white
1979,907,3,7,49000,yellow
1980,615,2,4,24000,purple
1981,469,5,3,27000,blue
1982,691,3,4,28000,white
1983,315,2,7,42000,purple
1984,567,4,7,56000,blue
1985,69,4,9,72000,blue
1986,947,5,2,18000,yellow
1987,31,5,3,27000,yellow
1988,778,1,9,45000,green
1989,237,4,5,40000,grey
1990,670,2,9,54000,blue
1991,636,3,3,21000,purple
1992,178,5,8,72000,grey
1993,267,3,4,28000,purple
1994,795,3,8,56000,white
1995,627,3,9,63000,grey
1996,849,4,9,72000,purple
1997,890,3,7,49000,green
1998,912,1,7,35000,yellow
1999,563,4,9,72000,grey
2000,172,3,3,21000,blue
2001,291,1,10,50000,purple
2002,18,2,5,30000,blue
2003,693,2,2,12000,yellow
2004,60,3,1,7000,brown
2005,957,2,5,30000,yellow
2006,440,2,7,42000,pink
2007,350,2,9,54000,grey
2008,202,4,6,48000,green
2009,547,2,7,42000,grey
2010,295,3,8,56000,pink
2011,883,2,7,42000,yellow
2012,905,1,4,20000,white
2013,113,5,5,45000,green
2014,554,1,3,15000,grey
2015,802,1,3,15000,purple
2016,706,3,9,63000,purple
2017,548,5,10,90000,brown
2018,618,3,3,21000,green
2019,871,2,5,30000,grey
2020,819,2,3,18000,grey
2021,945,3,6,42000,brown
2022,208,2,1,6000,pink
2023,423,4,5,40000,green
2024,646,1,3,15000,grey
2025,280,4,1,8000,grey
2026,492,5,7,63000,purple
2027,236,3,9,63000,white
2028,516,2,7,42000,pink
2029,157,3,6,42000,blue
2030,952,2,8,48000,yellow
2031,8,5,2,18000,yellow
2032,993,1,4,20000,yellow
2033,314,5,1,9000,pink
2034,624,4,5,40000,purple
2035,758,4,9,72000,green
2036,65,5,2,18000,green
2037,815,5,9,81000,blue
2038,698,5,6,54000,white
2039,60,3,8,56000,blue
2040,146,4,6,48000,pink
2041,446,4,9,72000,green
2042,998,2,3,18000,grey
2043,634,2,6,36000,blue
2044,443,1,5,25000,yellow
2045,455,1,4,20000,yellow
2046,219,4,7,56000,grey
2047,717,4,4,32000,pink
2048,63,5,2,18000,white
2049,196,5,4,36000,white
2050,599,3,4,28000,white
2051,35,2,2,12000,purple
2052,501,3,2,14000,brown
2053,978,4,9,72000,yellow
2054,996,4,9,72000,pink
2055,510,5,4,36000,pink
2056,602,3,6,42000,yellow
2057,12,1,4,20000,blue
2058,256,4,9,72000,pink
2059,506,2,10,60000,blue
2060,733,4,6,48000,yellow
2061,302,1,7,35000,green
2062,882,5,1,9000,pink
2063,967,1,8,40000,white
2064,614,4,3,24000,pink
2065,515,4,10,80000,brown
2066,204,2,7,42000,grey
2067,507,3,8,56000,green
2068,913,1,7,35000,green
2069,759,3,1,7000,yellow
2070,783,1,10,50000,green
2071,204,4,5,40000,green
2072,288,4,4,32000,green
2073,326,1,9,45000,yellow
2074,936,1,1,5000,purple
2075,238,5,5,45000,yellow
2076,242,1,7,35000,grey
2077,966,1,1,5000,green
2078,227,2,6,36000,green
2079,295,3,10,70000,white
2080,177,3,2,14000,blue
2081,610,4,10,80000,pink
2082,925,5,1,9000,purple
2083,74,2,5,30000,yellow
2084,677,1,10,50000,yellow
2085,814,2,1,6000,yellow
2086,156,5,5,45000,purple
2087,560,2,5,30000,blue
2088,427,3,3,21000,green
2089,787,1,2,10000,grey
2090,820,5,9,81000,yellow
2091,162,3,10,70000,yellow
2092,610,3,2,14000,grey
2093,929,2,2,12000,yellow
2094,126,4,2,16000,blue
2095,691,1,8,40000,white
2096,255,5,8,72000,brown
2097,672,3,8,56000,yellow
2098,156,1,6,30000,pink
2099,664,4,7,56000,yellow
2100,866,1,8,40000,grey
2101,23,2,4,24000,brown
2102,89,1,3,15000,yellow
2103,658,4,6,48000,yellow
2104,642,4,4,32000,brown
2105,163,4,3,24000,yellow
2106,249,5,6,54000,white
2107,571,2,9,54000,blue
2108,609,3,10,70000,pink
2109,274,5,4,36000,brown
2110,223,2,10,60000,grey
2111,174,4,3,24000,blue
2112,634,1,4,20000,brown
2113,306,4,7,56000,white
2114,330,1,3,15000,brown
2115,154,5,8,72000,brown
2116,595,4,9,72000,blue
2117,207,3,8,56000,yellow
2118,938,2,10,60000,brown
2119,222,1,5,25000,purple
2120,306,3,1,7000,green
2121,372,4,2,16000,grey
2122,884,4,10,80000,pink
2123,271,2,8,48000,yellow
2124,969,2,4,24000,yellow
2125,86,1,8,40000,blue
2126,883,4,1,8000,pink
2127,350,3,7,49000,green
2128,587,4,3,24000,green
2129,128,3,2,14000,green
2130,623,4,7,56000,purple
2131,225,1,5,25000,purple
2132,907,2,5,30000,pink
2133,502,2,9,54000,blue
2134,890,2,4,24000,blue
2135,427,5,3,27000,pink
2136,839,2,8,48000,blue
2137,248,5,2,18000,blue
2138,460,2,2,12000,brown
2139,900,2,7,42000,grey
2140,76,2,9,54000,pink
2141,958,4,9,72000,brown
2142,418,1,2,10000,brown
2143,200,3,10,70000,pink
2144,49,3,8,56000,pink
2145,24,2,3,18000,green
2146,575,2,1,6000,blue
2147,13,4,8,64000,pink
2148,510,4,4,32000,green
2149,583,3,1,7000,purple
2150,146,3,2,14000,white
2151,773,4,4,32000,grey
2152,930,1,10,50000,blue
2153,943,3,10,70000,white
2154,600,3,10,70000,purple
2155,543,2,10,60000,white
2156,389,3,4,28000,brown
2157,50,4,4,32000,blue
2158,648,1,5,25000,grey
2159,363,2,8,48000,grey
2160,765,3,8,56000,purple
2161,178,5,7,63000,white
2162,227,3,6,42000,green
2163,338,1,9,45000,blue
2164,261,1,10,50000,blue
2165,955,1,10,50000,blue
2166,298,3,3,21000,white
2167,579,1,10,50000,grey
2168,483,3,9,63000,blue
2169,454,4,6,48000,blue
2170,584,5,7,63000,brown
2171,838,5,2,18000,brown
2172,100,2,7,42000,grey
2173,182,2,9,54000,yellow
2174,473,3,1,7000,white
2175,351,3,4,28000,white
2176,584,4,5,40000,white
2177,730,5,6,54000,blue
2178,118,1,10,50000,brown
2179,910,1,6,30000,purple
2180,433,5,9,81000,brown
2181,159,4,6,48000,blue
2182,216,4,9,72000,pink
2183,286,2,10,60000,purple
2184,179,2,1,6000,blue
2185,365,4,6,48000,blue
2186,385,5,8,72000,purple
2187,473,4,8,64000,brown
2188,420,3,8,56000,yellow
2189,76,3,1,7000,blue
2190,676,1,9,45000,white
2191,111,2,7,42000,blue
2192,398,4,8,64000,grey
2193,534,2,8,48000,purple
2194,974,4,3,24000,blue
2195,70,3,6,42000,green
2196,186,5,8,72000,purple
2197,403,5,9,81000,blue
2198,237,4,7,56000,brown
2199,26,5,1,9000,white
2200,684,1,9,45000,yellow
2201,809,3,1,7000,green
2202,446,1,2,10000,blue
2203,413,2,8,48000,yellow
2204,219,5,3,27000,grey
2205,598,3,6,42000,yellow
2206,252,4,4,32000,yellow
2207,689,3,6,42000,green
2208,269,3,8,56000,blue
2209,496,5,9,81000,grey
2210,913,4,6,48000,grey
2211,557,1,3,15000,yellow
2212,629,3,1,7000,yellow
2213,243,2,6,36000,brown
2214,611,4,2,16000,grey
2215,487,5,10,90000,grey
2216,876,2,7,42000,green
2217,698,4,6,48000,purple
2218,806,1,2,10000,yellow
2219,290,1,4,20000,purple
2220,575,2,8,48000,pink
2221,739,1,8,40000,white
2222,533,3,10,70000,grey
2223,747,3,3,21000,purple
2224,235,3,6,42000,green
2225,359,1,6,30000,purple
2226,932,1,2,10000,grey
2227,765,5,7,63000,brown
2228,240,4,6,48000,green
2229,766,1,6,30000,brown
2230,410,3,5,35000,yellow
2231,499,1,4,20000,blue
2232,812,1,5,25000,grey
2233,444,1,4,20000,blue
2234,258,5,7,63000,blue
2235,277,5,4,36000,yellow
2236,895,2,7,42000,purple
2237,108,3,3,21000,blue
2238,92,3,8,56000,yellow
2239,627,3,4,28000,pink
2240,959,1,5,25000,purple
2241,690,3,5,35000,green
2242,866,1,2,10000,blue
2243,479,2,6,36000,brown
2244,507,3,10,70000,green
2245,18,1,10,50000,brown
2246,504,1,10,50000,blue
2247,55,3,2,14000,pink
2248,725,3,4,28000,grey
2249,607,3,10,70000,brown
2250,700,2,1,6000,grey
2251,733,2,5,30000,white
2252,589,5,10,90000,purple
2253,178,4,6,48000,purple
2254,766,5,9,81000,yellow
2255,702,2,4,24000,grey
2256,505,4,9,72000,grey
2257,979,2,9,54000,blue
2258,378,1,3,15000,brown
2259,645,4,1,8000,white
2260,534,1,10,50000,yellow
2261,193,2,3,18000,brown
2262,92,3,4,28000,blue
2263,738,2,5,30000,grey
2264,665,5,4,36000,white
2265,143,2,10,60000,white
2266,706,5,8,72000,yellow
2267,332,3,3,21000,blue
2268,443,5,8,72000,yellow
2269,557,1,5,25000,green
2270,271,2,8,48000,blue
2271,834,5,2,18000,white
2272,70,4,1,8000,pink
2273,628,5,7,63000,yellow
2274,108,4,2,16000,white
2275,719,5,3,27000,grey
2276,477,4,4,32000,grey
2277,170,1,6,30000,blue
2278,657,1,4,20000,pink
2279,68,5,6,54000,purple
2280,101,5,5,45000,white
2281,237,2,6,36000,white
2282,979,4,3,24000,green
2283,202,5,5,45000,brown
2284,398,5,2,18000,pink
2285,703,3,5,35000,green
2286,130,5,1,9000,white
2287,111,2,1,6000,green
2288,791,5,4,36000,green
2289,760,3,3,21000,purple
2290,510,5,10,90000,blue
2291,234,4,3,24000,green
2292,633,4,3,24000,grey
2293,838,2,4,24000,white
2294,442,4,4,32000,purple
2295,488,4,9,72000,brown
2296,458,3,9,63000,brown
2297,299,5,7,63000,blue
2298,963,1,10,50000,brown
2299,20,5,2,18000,purple
2300,287,4,2,16000,pink
2301,419,2,8,48000,grey
2302,95,4,3,24000,grey
2303,75,4,10,80000,grey
2304,374,4,5,40000,purple
2305,477,2,5,30000,pink
2306,17,5,4,36000,yellow
2307,361,4,10,80000,brown
2308,621,1,3,15000,yellow
2309,51,1,3,15000,yellow
2310,847,3,1,7000,yellow
2311,12,1,5,25000,grey
2312,679,2,7,42000,purple
2313,619,3,6,42000,pink
2314,534,4,9,72000,green
2315,114,5,1,9000,purple
2316,833,2,1,6000,grey
2317,497,4,8,64000,brown
2318,28,5,1,9000,purple
2319,526,5,5,45000,pink
2320,819,5,7,63000,purple
2321,775,2,1,6000,purple
2322,327,5,3,27000,purple
2323,480,5,5,45000,grey
2324,823,4,8,64000,pink
2325,113,2,9,54000,grey
2326,791,1,10,50000,pink
2327,708,2,3,18000,green
2328,696,3,4,28000,grey
2329,294,4,2,16000,blue
2330,360,3,10,70000,brown
2331,401,3,7,49000,yellow
2332,365,1,7,35000,pink
2333,956,3,5,35000,green
2334,46,2,6,36000,yellow
2335,207,5,1,9000,yellow
2336,557,2,8,48000,brown
2337,639,2,1,6000,brown
2338,755,2,3,18000,yellow
2339,487,3,2,14000,blue
2340,817,4,7,56000,green
2341,821,3,2,14000,grey
2342,960,3,4,28000,brown
2343,402,4,4,32000,brown
2344,937,3,6,42000,grey
2345,945,3,2,14000,brown
2346,790,2,7,42000,purple
2347,5,4,5,40000,purple
2348,627,1,10,50000,white
2349,581,4,5,40000,brown
2350,284,3,9,63000,purple
2351,323,2,8,48000,pink
2352,955,5,10,90000,grey
2353,657,4,8,64000,pink
2354,768,1,4,20000,white
2355,758,1,2,10000,yellow
2356,734,1,7,35000,brown
2357,937,1,8,40000,pink
2358,814,3,6,42000,pink
2359,713,3,2,14000,purple
2360,788,2,1,6000,blue
2361,736,4,10,80000,green
2362,211,3,5,35000,white
2363,158,1,8,40000,blue
2364,122,3,3,21000,green
2365,556,3,4,28000,grey
2366,845,1,7,35000,yellow
2367,527,3,9,63000,brown
2368,258,4,2,16000,green
2369,812,4,5,40000,green
2370,229,1,10,50000,pink
2371,946,1,1,5000,brown
2372,101,5,1,9000,brown
2373,726,1,7,35000,yellow
2374,76,3,6,42000,green
2375,600,5,6,54000,green
2376,71,1,2,10000,green
2377,852,4,4,32000,white
2378,143,4,5,40000,purple
2379,394,3,3,21000,green
2380,731,5,3,27000,blue
2381,626,5,6,54000,blue
2382,337,1,1,5000,purple
2383,519,2,6,36000,grey
2384,145,3,7,49000,green
2385,747,1,1,5000,pink
2386,745,2,9,54000,green
2387,563,2,3,18000,yellow
2388,687,2,3,18000,purple
2389,636,4,6,48000,brown
2390,456,1,4,20000,purple
2391,232,2,6,36000,grey
2392,494,3,4,28000,purple
2393,741,2,6,36000,purple
2394,689,5,5,45000,blue
2395,645,4,3,24000,green
2396,16,1,10,50000,purple
2397,786,1,10,50000,yellow
2398,537,3,2,14000,grey
2399,839,4,9,72000,white
2400,828,1,10,50000,green
2401,308,3,10,70000,green
2402,244,4,8,64000,purple
2403,468,5,8,72000,yellow
2404,803,3,10,70000,purple
2405,171,2,7,42000,white
2406,210,4,8,64000,green
2407,641,1,9,45000,grey
2408,980,4,6,48000,blue
2409,380,3,9,63000,brown
2410,856,3,9,63000,grey
2411,664,1,4,20000,blue
2412,227,5,9,81000,grey
2413,755,5,2,18000,grey
2414,876,1,9,45000,brown
2415,986,5,6,54000,green
2416,218,1,10,50000,grey
2417,251,2,3,18000,purple
2418,440,3,10,70000,blue
2419,556,5,9,81000,yellow
2420,230,4,7,56000,yellow
2421,253,4,8,64000,blue
2422,669,3,10,70000,grey
2423,973,1,9,45000,white
2424,492,4,8,64000,green
2425,898,2,8,48000,purple
2426,297,4,8,64000,yellow
2427,992,1,4,20000,purple
2428,701,5,4,36000,white
2429,181,2,2,12000,grey
2430,884,5,1,9000,white
2431,64,1,6,30000,purple
2432,974,3,6,42000,purple
2433,478,2,7,42000,green
2434,421,4,3,24000,blue
2435,805,4,3,24000,white
2436,401,2,6,36000,brown
2437,914,5,7,63000,green
2438,349,2,9,54000,yellow
2439,765,2,2,12000,yellow
2440,590,1,10,50000,pink
2441,37,1,6,30000,white
2442,270,2,6,36000,blue
2443,929,3,8,56000,blue
2444,305,5,3,27000,yellow
2445,138,5,8,72000,blue
2446,790,5,1,9000,yellow
2447,343,5,7,63000,blue
2448,127,4,1,8000,grey
2449,807,2,6,36000,pink
2450,624,5,1,9000,blue
2451,550,5,1,9000,white
2452,892,1,5,25000,pink
2453,452,3,4,28000,pink
2454,205,1,3,15000,grey
2455,845,4,7,56000,yellow
2456,81,2,6,36000,brown
2457,544,5,10,90000,pink
2458,552,3,7,49000,pink
2459,577,3,4,28000,pink
2460,254,4,3,24000,yellow
2461,793,1,1,5000,blue
2462,830,5,5,45000,white
2463,902,2,2,12000,yellow
2464,146,2,1,6000,blue
2465,159,1,7,35000,pink
2466,981,4,9,72000,grey
2467,996,5,7,63000,green
2468,568,2,7,42000,pink
2469,904,1,2,10000,blue
2470,502,4,6,48000,green
2471,5,5,10,90000,blue
2472,140,5,4,36000,grey
2473,356,4,10,80000,green
2474,717,1,9,45000,green
2475,612,3,5,35000,pink
2476,449,1,9,45000,blue
2477,868,3,7,49000,green
2478,85,3,6,42000,yellow
2479,865,4,4,32000,pink
2480,932,4,9,72000,purple
2481,844,3,1,7000,blue
2482,846,3,4,28000,pink
2483,189,2,4,24000,purple
2484,475,2,3,18000,grey
2485,297,3,4,28000,purple
2486,764,3,10,70000,white
2487,710,3,2,14000,blue
2488,75,1,9,45000,green
2489,57,2,3,18000,yellow
2490,182,5,3,27000,blue
2491,660,4,8,64000,pink
2492,745,2,1,6000,grey
2493,637,2,5,30000,white
2494,683,4,10,80000,green
2495,338,3,4,28000,white
2496,268,4,8,64000,white
2497,549,4,8,64000,white
2498,127,4,6,48000,green
2499,427,5,3,27000,blue
2500,262,1,9,45000,blue
2501,227,5,5,45000,pink
2502,934,5,10,90000,white
2503,532,3,4,28000,yellow
2504,614,3,1,7000,white
2505,797,3,6,42000,grey
2506,59,1,2,10000,grey
2507,671,2,6,36000,yellow
2508,882,1,8,40000,purple
2509,247,5,3,27000,brown
2510,652,3,1,7000,white
2511,619,1,8,40000,brown
2512,287,5,8,72000,pink
2513,139,2,5,30000,brown
2514,989,4,3,24000,yellow
2515,830,1,8,40000,green
2516,89,1,8,40000,blue
2517,809,2,1,6000,purple
2518,846,2,5,30000,purple
2519,631,4,4,32000,grey
2520,336,2,1,6000,grey
2521,995,4,7,56000,pink
2522,190,1,5,25000,pink
2523,454,5,8,72000,purple
2524,35,4,7,56000,pink
2525,364,5,3,27000,pink
2526,393,4,9,72000,brown
2527,107,2,6,36000,grey
2528,533,5,8,72000,brown
2529,250,1,4,20000,pink
2530,513,1,5,25000,brown
2531,668,5,10,90000,grey
2532,741,1,9,45000,yellow
2533,859,3,6,42000,green
2534,110,4,1,8000,brown
2535,908,2,8,48000,brown
2536,255,5,7,63000,brown
2537,768,5,9,81000,blue
2538,170,5,2,18000,pink
2539,230,2,10,60000,purple
2540,36,4,10,80000,yellow
2541,390,1,4,20000,pink
2542,552,2,10,60000,pink
2543,726,1,2,10000,blue
2544,810,2,6,36000,pink
2545,80,4,1,8000,pink
2546,9,2,4,24000,brown
2547,420,4,10,80000,pink
2548,674,5,10,90000,green
2549,88,1,4,20000,green
2550,763,2,8,48000,pink
2551,43,4,8,64000,grey
2552,440,4,6,48000,brown
2553,836,1,8,40000,brown
2554,132,4,3,24000,blue
2555,214,4,4,32000,white
2556,333,3,4,28000,white
2557,26,3,2,14000,green
2558,849,4,6,48000,grey
2559,104,2,8,48000,purple
2560,276,3,3,21000,blue
2561,328,1,4,20000,blue
2562,628,3,5,35000,brown
2563,958,3,10,70000,purple
2564,106,2,6,36000,purple
2565,586,1,2,10000,yellow
2566,609,2,4,24000,green
2567,514,4,4,32000,green
2568,263,4,1,8000,grey
2569,495,2,6,36000,pink
2570,376,2,9,54000,blue
2571,655,1,10,50000,green
2572,45,1,6,30000,white
2573,523,1,4,20000,green
2574,790,4,5,40000,white
2575,107,3,7,49000,white
2576,235,3,9,63000,grey
2577,218,4,9,72000,white
2578,884,3,9,63000,yellow
2579,172,1,5,25000,grey
2580,486,1,1,5000,brown
2581,398,4,7,56000,brown
2582,114,1,2,10000,grey
2583,94,3,5,35000,pink
2584,544,3,6,42000,yellow
2585,376,1,6,30000,yellow
2586,906,2,10,60000,yellow
2587,199,5,8,72000,green
2588,67,2,6,36000,grey
2589,283,4,4,32000,yellow
2590,273,5,4,36000,brown
2591,523,5,2,18000,grey
2592,196,1,2,10000,grey
2593,544,1,7,35000,blue
2594,537,2,7,42000,blue
2595,481,3,9,63000,blue
2596,937,4,6,48000,purple
2597,89,2,3,18000,blue
2598,724,1,2,10000,pink
2599,357,1,7,35000,green
2600,88,4,6,48000,grey
2601,421,3,2,14000,grey
2602,71,4,4,32000,white
2603,642,4,2,16000,yellow
2604,86,1,2,10000,white
2605,556,5,8,72000,pink
2606,888,2,7,42000,green
2607,702,1,5,25000,blue
2608,930,5,9,81000,white
2609,858,4,8,64000,pink
2610,269,2,10,60000,grey
2611,919,2,10,60000,pink
2612,425,5,10,90000,white
2613,141,4,2,16000,yellow
2614,238,1,2,10000,grey
2615,330,1,5,25000,white
2616,238,5,9,81000,purple
2617,220,3,7,49000,pink
2618,719,1,3,15000,white
2619,549,1,1,5000,blue
2620,29,4,4,32000,yellow
2621,537,1,10,50000,pink
2622,429,3,8,56000,purple
2623,899,4,3,24000,blue
2624,92,3,4,28000,yellow
2625,93,5,10,90000,grey
2626,478,4,4,32000,green
2627,106,5,4,36000,pink
2628,951,2,9,54000,yellow
2629,103,1,8,40000,white
2630,894,2,7,42000,purple
2631,813,1,5,25000,green
2632,295,5,2,18000,blue
2633,885,1,3,15000,brown
2634,710,5,7,63000,green
2635,543,4,3,24000,white
2636,780,1,7,35000,purple
2637,293,4,3,24000,blue
2638,855,2,6,36000,blue
2639,177,4,7,56000,purple
2640,877,1,7,35000,purple
2641,328,3,2,14000,grey
2642,180,4,5,40000,blue
2643,801,2,4,24000,green
2644,632,2,7,42000,white
2645,777,5,8,72000,white
2646,764,4,1,8000,grey
2647,27,1,2,10000,grey
2648,752,2,1,6000,yellow
2649,887,3,7,49000,green
2650,257,1,3,15000,blue
2651,897,1,3,15000,brown
2652,723,3,5,35000,yellow
2653,48,2,3,18000,grey
2654,948,2,9,54000,yellow
2655,510,3,7,49000,yellow
2656,585,1,7,35000,pink
2657,438,4,8,64000,blue
2658,155,4,2,16000,grey
2659,206,2,3,18000,yellow
2660,406,4,10,80000,green
2661,970,1,2,10000,yellow
2662,75,5,1,9000,green
2663,129,1,2,10000,pink
2664,367,2,9,54000,blue
2665,350,3,7,49000,yellow
2666,359,4,7,56000,brown
2667,383,5,6,54000,pink
2668,735,4,7,56000,green
2669,945,4,10,80000,white
2670,496,1,3,15000,grey
2671,190,4,8,64000,blue
2672,57,1,9,45000,green
2673,858,4,3,24000,purple
2674,15,3,4,28000,pink
2675,354,5,4,36000,purple
2676,294,1,6,30000,blue
2677,694,1,9,45000,yellow
2678,451,1,2,10000,purple
2679,504,4,6,48000,green
2680,308,3,3,21000,green
2681,313,3,7,49000,pink
2682,945,2,4,24000,pink
2683,690,1,9,45000,yellow
2684,585,4,1,8000,pink
2685,831,4,5,40000,brown
2686,249,2,2,12000,pink
2687,56,3,7,49000,yellow
2688,477,2,6,36000,green
2689,762,3,3,21000,green
2690,952,4,7,56000,white
2691,677,2,4,24000,blue
2692,52,1,5,25000,pink
2693,713,3,6,42000,brown
2694,120,4,3,24000,purple
2695,669,3,10,70000,grey
2696,106,5,3,27000,brown
2697,580,1,8,40000,purple
2698,60,3,1,7000,brown
2699,398,1,3,15000,green
2700,174,4,5,40000,yellow
2701,602,4,6,48000,yellow
2702,401,1,5,25000,pink
2703,435,5,7,63000,brown
2704,763,2,7,42000,purple
2705,721,5,4,36000,white
2706,731,2,6,36000,yellow
2707,422,5,9,81000,yellow
2708,608,4,4,32000,purple
2709,186,2,3,18000,brown
2710,450,1,9,45000,green
2711,217,2,7,42000,pink
2712,943,2,10,60000,purple
2713,808,1,9,45000,green
2714,971,2,6,36000,white
2715,546,1,7,35000,purple
2716,117,4,6,48000,white
2717,847,5,10,90000,purple
2718,978,1,5,25000,purple
2719,698,5,7,63000,pink
2720,991,2,7,42000,brown
2721,973,4,1,8000,yellow
2722,606,4,7,56000,yellow
2723,791,5,9,81000,purple
2724,894,5,8,72000,yellow
2725,32,1,2,10000,brown
2726,343,1,3,15000,purple
2727,805,2,2,12000,grey
2728,856,3,1,7000,yellow
2729,11,4,1,8000,pink
2730,599,3,9,63000,white
2731,625,1,2,10000,brown
2732,271,5,10,90000,brown
2733,524,3,3,21000,pink
2734,164,4,5,40000,brown
2735,422,2,4,24000,yellow
2736,794,2,10,60000,white
2737,320,5,9,81000,white
2738,583,4,3,24000,grey
2739,386,2,2,12000,white
2740,681,5,4,36000,yellow
2741,954,5,4,36000,green
2742,318,4,3,24000,blue
2743,772,3,1,7000,brown
2744,575,3,5,35000,pink
2745,438,1,3,15000,pink
2746,638,1,8,40000,purple
2747,12,3,9,63000,white
2748,895,3,9,63000,blue
2749,611,5,3,27000,pink
2750,879,3,1,7000,yellow
2751,621,5,10,90000,pink
2752,858,3,9,63000,pink
2753,14,2,1,6000,blue
2754,183,4,9,72000,purple
2755,456,2,6,36000,grey
2756,202,3,2,14000,white
2757,965,1,2,10000,purple
2758,962,2,3,18000,green
2759,585,3,9,63000,white
2760,983,3,6,42000,brown
2761,154,3,2,14000,pink
2762,847,4,2,16000,purple
2763,959,2,1,6000,pink
2764,811,4,8,64000,yellow
2765,630,5,9,81000,green
2766,253,5,6,54000,pink
2767,759,5,2,18000,yellow
2768,42,1,4,20000,white
2769,421,5,7,63000,grey
2770,666,4,10,80000,pink
2771,869,4,10,80000,blue
2772,641,4,5,40000,yellow
2773,25,2,8,48000,white
2774,77,3,7,49000,yellow
2775,116,5,9,81000,blue
2776,934,1,5,25000,purple
2777,210,5,5,45000,blue
2778,489,1,7,35000,yellow
2779,828,3,8,56000,purple
2780,164,2,4,24000,pink
2781,810,4,8,64000,brown
2782,888,5,8,72000,blue
2783,216,4,4,32000,pink
2784,481,5,10,90000,brown
2785,322,1,6,30000,brown
2786,682,4,5,40000,grey
2787,330,3,5,35000,green
2788,881,3,8,56000,blue
2789,141,3,5,35000,purple
2790,156,1,8,40000,yellow
2791,563,5,6,54000,white
2792,801,2,3,18000,purple
2793,745,1,4,20000,green
2794,423,2,1,6000,grey
2795,494,1,4,20000,brown
2796,973,3,6,42000,grey
2797,829,1,7,35000,purple
2798,77,1,7,35000,green
2799,32,4,10,80000,brown
2800,329,5,2,18000,white
2801,936,2,6,36000,blue
2802,831,1,2,10000,white
2803,236,1,3,15000,blue
2804,129,2,9,54000,white
2805,129,2,3,18000,green
2806,816,3,7,49000,purple
2807,587,4,1,8000,green
2808,578,3,8,56000,blue
2809,199,3,1,7000,purple
2810,483,2,3,18000,brown
2811,314,5,1,9000,white
2812,410,1,1,5000,purple
2813,946,3,1,7000,white
2814,176,1,1,5000,white
2815,804,2,7,42000,brown
2816,575,5,2,18000,green
2817,742,3,9,63000,blue
2818,180,5,4,36000,blue
2819,291,5,5,45000,yellow
2820,843,2,7,42000,green
2821,754,4,2,16000,yellow
2822,113,5,10,90000,white
2823,995,4,4,32000,grey
2824,89,1,7,35000,grey
2825,118,2,5,30000,green
2826,220,5,8,72000,green
2827,585,4,4,32000,green
2828,869,4,3,24000,grey
2829,996,1,6,30000,green
2830,771,5,1,9000,brown
2831,603,2,3,18000,pink
2832,319,3,10,70000,yellow
2833,245,3,9,63000,grey
2834,356,4,2,16000,purple
2835,324,4,4,32000,white
2836,406,4,4,32000,yellow
2837,61,1,2,10000,yellow
2838,554,3,2,14000,brown
2839,415,4,1,8000,brown
2840,651,3,7,49000,purple
2841,883,1,10,50000,white
2842,77,4,6,48000,grey
2843,169,2,4,24000,green
2844,712,5,2,18000,pink
2845,360,3,6,42000,green
2846,290,2,7,42000,grey
2847,639,3,10,70000,grey
2848,762,2,3,18000,white
2849,14,4,10,80000,brown
2850,644,2,3,18000,grey
2851,45,3,1,7000,yellow
2852,165,4,9,72000,pink
2853,369,1,8,40000,pink
2854,891,3,10,70000,green
2855,653,1,9,45000,white
2856,536,5,7,63000,brown
2857,424,1,4,20000,grey
2858,31,4,6,48000,grey
2859,14,2,6,36000,white
2860,571,4,9,72000,blue
2861,465,2,2,12000,brown
2862,159,3,7,49000,yellow
2863,981,3,7,49000,grey
2864,59,2,9,54000,pink
2865,783,5,9,81000,pink
2866,682,5,7,63000,pink
2867,165,1,7,35000,purple
2868,1,5,10,90000,blue
2869,618,3,7,49000,white
2870,12,4,5,40000,white
2871,459,2,1,6000,green
2872,411,5,3,27000,green
2873,658,2,8,48000,purple
2874,678,4,6,48000,purple
2875,560,5,3,27000,green
2876,884,1,10,50000,grey
2877,411,3,9,63000,yellow
2878,63,1,2,10000,green
2879,295,2,8,48000,yellow
2880,755,1,8,40000,brown
2881,315,5,6,54000,brown
2882,79,5,7,63000,yellow
2883,283,3,3,21000,green
2884,410,4,10,80000,pink
2885,193,2,3,18000,green
2886,922,4,3,24000,grey
2887,219,1,2,10000,brown
2888,281,5,5,45000,brown
2889,876,4,9,72000,blue
2890,622,2,9,54000,yellow
2891,100,4,8,64000,purple
2892,28,1,9,45000,white
2893,404,5,1,9000,white
2894,736,2,8,48000,white
2895,229,2,8,48000,purple
2896,766,4,8,64000,blue
2897,598,2,2,12000,white
2898,270,2,4,24000,yellow
2899,265,5,5,45000,blue
2900,607,1,9,45000,grey
2901,77,4,8,64000,brown
2902,121,4,4,32000,purple
2903,433,1,9,45000,blue
2904,213,5,2,18000,brown
2905,658,5,6,54000,white
2906,556,2,8,48000,green
2907,384,2,1,6000,grey
2908,261,3,10,70000,green
2909,544,3,1,7000,purple
2910,842,2,1,6000,white
2911,309,3,6,42000,white
2912,861,1,6,30000,blue
2913,297,3,4,28000,white
2914,819,5,6,54000,purple
2915,635,3,1,7000,purple
2916,191,3,1,7000,purple
2917,444,4,6,48000,pink
2918,750,3,7,49000,green
2919,927,2,8,48000,white
2920,675,2,3,18000,pink
2921,236,3,10,70000,purple
2922,652,3,2,14000,white
2923,142,3,7,49000,blue
2924,373,1,2,10000,yellow
2925,4,2,7,42000,purple
2926,393,3,9,63000,brown
2927,925,1,1,5000,pink
2928,919,4,9,72000,blue
2929,523,2,5,30000,green
2930,589,3,2,14000,purple
2931,173,3,5,35000,blue
2932,729,3,1,7000,grey
2933,340,4,10,80000,pink
2934,660,3,6,42000,grey
2935,413,3,4,28000,pink
2936,645,5,4,36000,yellow
2937,886,3,10,70000,purple
2938,703,1,1,5000,white
2939,248,1,3,15000,brown
2940,869,3,3,21000,purple
2941,775,1,6,30000,brown
2942,848,1,3,15000,brown
2943,778,1,3,15000,pink
2944,914,1,6,30000,brown
2945,153,1,2,10000,blue
2946,320,3,2,14000,brown
2947,736,5,5,45000,brown
2948,133,3,5,35000,green
2949,40,3,1,7000,green
2950,445,2,9,54000,purple
2951,335,1,10,50000,grey
2952,912,4,4,32000,pink
2953,295,1,5,25000,pink
2954,695,3,7,49000,blue
2955,72,1,1,5000,white
2956,436,1,1,5000,grey
2957,539,3,6,42000,pink
2958,258,4,8,64000,green
2959,754,5,5,45000,blue
2960,569,4,4,32000,purple
2961,348,1,1,5000,white
2962,101,3,8,56000,grey
2963,419,3,8,56000,grey
2964,781,3,1,7000,purple
2965,952,4,6,48000,green
2966,726,4,2,16000,white
2967,95,5,9,81000,pink
2968,117,2,3,18000,white
2969,121,3,8,56000,white
2970,587,1,8,40000,pink
2971,508,5,1,9000,green
2972,569,4,6,48000,blue
2973,132,2,9,54000,brown
2974,102,1,2,10000,yellow
2975,931,5,5,45000,purple
2976,164,1,4,20000,green
2977,288,2,6,36000,brown
2978,973,5,6,54000,blue
2979,355,2,4,24000,brown
2980,211,4,2,16000,pink
2981,526,2,5,30000,pink
2982,32,2,5,30000,white
2983,851,4,5,40000,white
2984,917,2,6,36000,white
2985,118,1,9,45000,green
2986,276,4,6,48000,purple
2987,755,4,4,32000,brown
2988,491,1,3,15000,white
2989,161,3,5,35000,blue
2990,822,4,3,24000,yellow
2991,406,5,5,45000,yellow
2992,836,5,1,9000,blue
2993,953,3,4,28000,green
2994,724,3,10,70000,white
2995,205,1,8,40000,white
2996,494,3,1,7000,pink
2997,285,2,2,12000,brown
2998,15,3,6,42000,yellow
2999,796,3,3,21000,grey
3000,395,3,10,70000,pink
3001,526,2,6,36000,green
3002,548,3,5,35000,yellow
3003,538,3,6,42000,pink
3004,74,5,6,54000,blue
3005,261,4,3,24000,pink
3006,54,5,10,90000,white
3007,284,2,3,18000,white
3008,312,2,2,12000,green
3009,865,4,6,48000,grey
3010,900,3,4,28000,green
3011,696,1,9,45000,purple
3012,919,2,1,6000,green
3013,830,1,1,5000,blue
3014,467,3,2,14000,blue
3015,283,1,6,30000,brown
3016,338,5,6,54000,brown
3017,137,3,1,7000,green
3018,75,3,5,35000,blue
3019,880,1,1,5000,yellow
3020,527,3,2,14000,pink
3021,527,4,2,16000,grey
3022,850,1,10,50000,green
3023,430,2,8,48000,green
3024,680,2,10,60000,green
3025,615,2,3,18000,white
3026,735,3,3,21000,brown
3027,728,3,3,21000,pink
3028,332,1,1,5000,blue
3029,446,2,2,12000,grey
3030,180,4,5,40000,white
3031,694,1,9,45000,blue
3032,208,2,10,60000,green
3033,36,4,9,72000,white
3034,314,3,10,70000,blue
3035,261,3,4,28000,pink
3036,83,5,8,72000,white
3037,806,2,10,60000,grey
3038,860,2,8,48000,yellow
3039,363,4,8,64000,blue
3040,350,5,4,36000,pink
3041,945,1,6,30000,blue
3042,436,4,2,16000,green
3043,466,5,10,90000,purple
3044,868,3,7,49000,yellow
3045,218,4,3,24000,brown
3046,342,5,7,63000,blue
3047,744,1,4,20000,brown
3048,175,2,1,6000,yellow
3049,466,2,7,42000,white
3050,165,5,6,54000,purple
3051,397,4,5,40000,blue
3052,524,1,6,30000,grey
3053,378,4,6,48000,pink
3054,151,4,6,48000,yellow
3055,254,3,7,49000,pink
3056,6,3,1,7000,yellow
3057,722,5,7,63000,yellow
3058,49,1,8,40000,white
3059,238,5,7,63000,grey
3060,70,2,4,24000,white
3061,633,2,2,12000,white
3062,897,1,3,15000,purple
3063,553,1,10,50000,white
3064,184,3,8,56000,yellow
3065,611,3,4,28000,blue
3066,940,4,5,40000,yellow
3067,395,2,3,18000,grey
3068,856,2,5,30000,green
3069,632,4,2,16000,grey
3070,724,2,9,54000,purple
3071,656,4,3,24000,brown
3072,590,1,2,10000,purple
3073,511,3,3,21000,green
3074,716,3,9,63000,purple
3075,606,1,7,35000,purple
3076,927,2,10,60000,brown
3077,164,2,5,30000,brown
3078,530,1,8,40000,blue
3079,80,5,10,90000,white
3080,505,3,8,56000,yellow
3081,914,5,7,63000,purple
3082,316,2,7,42000,yellow
3083,359,4,9,72000,purple
3084,497,5,10,90000,grey
3085,105,4,5,40000,blue
3086,991,5,7,63000,brown
3087,68,1,3,15000,brown
3088,466,2,1,6000,yellow
3089,128,3,10,70000,pink
3090,652,1,7,35000,purple
3091,173,1,9,45000,green
3092,691,1,3,15000,green
3093,800,1,10,50000,purple
3094,807,2,1,6000,yellow
3095,792,4,3,24000,blue
3096,222,5,7,63000,purple
3097,903,5,7,63000,blue
3098,898,2,5,30000,pink
3099,648,5,10,90000,purple
3100,842,3,4,28000,pink
3101,518,3,1,7000,white
3102,491,1,5,25000,white
3103,258,5,8,72000,white
3104,853,2,4,24000,white
3105,365,4,2,16000,brown
3106,469,2,7,42000,pink
3107,292,5,2,18000,white
3108,90,4,6,48000,blue
3109,528,1,2,10000,blue
3110,478,5,5,45000,green
3111,774,5,6,54000,yellow
3112,199,4,7,56000,yellow
3113,896,4,6,48000,grey
3114,261,1,1,5000,green
3115,1,3,4,28000,brown
3116,909,2,2,12000,green
3117,595,1,8,40000,white
3118,556,1,7,35000,white
3119,262,4,9,72000,yellow
3120,714,1,4,20000,blue
3121,784,3,2,14000,brown
3122,176,4,4,32000,green
3123,335,1,7,35000,green
3124,986,3,8,56000,brown
3125,568,4,10,80000,purple
3126,894,4,6,48000,pink
3127,876,1,10,50000,brown
3128,293,5,4,36000,grey
3129,356,3,7,49000,brown
3130,560,5,7,63000,purple
3131,966,4,4,32000,blue
3132,337,1,6,30000,purple
3133,29,5,7,63000,green
3134,363,5,6,54000,pink
3135,961,3,7,49000,purple
3136,600,1,7,35000,pink
3137,793,4,2,16000,grey
3138,816,1,3,15000,grey
3139,180,4,7,56000,green
3140,482,1,3,15000,yellow
3141,811,3,1,7000,yellow
3142,259,5,1,9000,white
3143,108,4,7,56000,brown
3144,604,1,6,30000,brown
3145,236,3,5,35000,green
3146,137,4,10,80000,blue
3147,166,5,6,54000,green
3148,670,5,4,36000,brown
3149,458,4,6,48000,blue
3150,976,5,9,81000,white
3151,420,4,9,72000,green
3152,118,3,9,63000,green
3153,652,3,8,56000,grey
3154,482,4,5,40000,white
3155,79,1,3,15000,white
3156,309,3,7,49000,green
3157,352,5,8,72000,purple
3158,526,4,10,80000,pink
3159,608,2,3,18000,white
3160,921,3,7,49000,green
3161,159,4,4,32000,blue
3162,62,2,10,60000,pink
3163,830,1,1,5000,white
3164,55,5,7,63000,grey
3165,172,5,9,81000,blue
3166,214,4,9,72000,blue
3167,713,1,3,15000,pink
3168,511,2,10,60000,white
3169,512,4,2,16000,purple
3170,429,5,8,72000,white
3171,531,1,3,15000,grey
3172,906,5,8,72000,yellow
3173,210,5,6,54000,purple
3174,905,1,6,30000,yellow
3175,825,5,4,36000,pink
3176,257,2,1,6000,pink
3177,842,1,10,50000,blue
3178,297,3,10,70000,pink
3179,103,3,2,14000,pink
3180,452,3,2,14000,pink
3181,128,1,1,5000,brown
3182,620,1,1,5000,white
3183,955,3,1,7000,white
3184,561,1,8,40000,purple
3185,786,5,1,9000,brown
3186,294,2,4,24000,green
3187,991,1,8,40000,blue
3188,688,4,9,72000,grey
3189,942,5,10,90000,purple
3190,216,5,9,81000,white
3191,988,5,5,45000,yellow
3192,342,5,8,72000,purple
3193,448,4,2,16000,blue
3194,577,5,4,36000,purple
3195,351,1,9,45000,white
3196,615,3,10,70000,brown
3197,666,1,2,10000,white
3198,975,2,9,54000,blue
3199,812,3,2,14000,purple
3200,440,2,9,54000,grey
3201,76,3,10,70000,pink
3202,214,1,5,25000,brown
3203,717,2,8,48000,brown
3204,313,1,1,5000,pink
3205,466,5,6,54000,grey
3206,706,3,5,35000,green
3207,810,4,3,24000,purple
3208,369,2,9,54000,white
3209,413,2,3,18000,grey
3210,616,1,7,35000,purple
3211,303,3,2,14000,pink
3212,622,3,9,63000,white
3213,478,3,7,49000,grey
3214,982,3,5,35000,grey
3215,458,2,8,48000,yellow
3216,944,1,10,50000,pink
3217,676,4,5,40000,brown
3218,987,5,6,54000,purple
3219,433,4,1,8000,purple
3220,869,3,3,21000,purple
3221,572,4,5,40000,blue
3222,157,2,4,24000,yellow
3223,495,4,8,64000,green
3224,269,1,10,50000,white
3225,871,4,5,40000,yellow
3226,823,2,4,24000,yellow
3227,908,4,2,16000,pink
3228,41,4,10,80000,pink
3229,659,3,3,21000,pink
3230,243,3,8,56000,pink
3231,557,1,9,45000,pink
3232,530,5,1,9000,yellow
3233,269,3,10,70000,pink
3234,411,5,9,81000,grey
3235,724,5,6,54000,yellow
3236,693,4,1,8000,pink
3237,315,5,7,63000,pink
3238,483,3,3,21000,green
3239,175,5,6,54000,blue
3240,74,1,9,45000,pink
3241,495,2,6,36000,yellow
3242,694,1,4,20000,green
3243,579,5,10,90000,white
3244,85,2,7,42000,white
3245,819,3,4,28000,blue
3246,838,4,2,16000,grey
3247,309,5,4,36000,yellow
3248,389,1,1,5000,grey
3249,7,2,7,42000,white
3250,17,1,1,5000,yellow
3251,149,4,2,16000,green
3252,807,4,1,8000,white
3253,282,1,5,25000,green
3254,715,3,2,14000,green
3255,29,4,3,24000,brown
3256,351,1,3,15000,purple
3257,949,5,9,81000,white
3258,803,4,6,48000,pink
3259,2,3,6,42000,brown
3260,432,1,2,10000,green
3261,987,4,10,80000,blue
3262,870,1,10,50000,blue
3263,79,5,3,27000,green
3264,20,3,8,56000,yellow
3265,6,3,4,28000,green
3266,479,5,8,72000,brown
3267,108,2,10,60000,yellow
3268,453,3,1,7000,blue
3269,257,4,9,72000,blue
3270,806,4,7,56000,green
3271,993,5,8,72000,white
3272,317,2,5,30000,brown
3273,642,3,7,49000,pink
3274,570,4,4,32000,pink
3275,798,1,3,15000,yellow
3276,512,4,2,16000,green
3277,530,2,8,48000,white
3278,438,2,9,54000,purple
3279,142,4,5,40000,pink
3280,615,4,1,8000,grey
3281,699,3,1,7000,brown
3282,823,3,9,63000,grey
3283,699,4,2,16000,purple
3284,764,2,5,30000,brown
3285,282,2,5,30000,blue
3286,311,2,2,12000,yellow
3287,573,1,7,35000,brown
3288,86,1,6,30000,brown
3289,249,5,10,90000,green
3290,439,2,8,48000,blue
3291,379,2,3,18000,green
3292,337,5,5,45000,pink
3293,91,5,9,81000,purple
3294,369,5,9,81000,grey
3295,196,5,3,27000,brown
3296,702,5,9,81000,yellow
3297,369,5,2,18000,green
3298,911,5,1,9000,grey
3299,142,4,1,8000,white
3300,633,2,5,30000,grey
3301,849,5,5,45000,blue
3302,29,3,7,49000,blue
3303,542,3,2,14000,purple
3304,273,5,4,36000,purple
3305,594,1,3,15000,blue
3306,738,2,2,12000,white
3307,327,5,4,36000,green
3308,216,4,4,32000,brown
3309,450,2,1,6000,yellow
3310,771,5,9,81000,yellow
3311,301,4,10,80000,purple
3312,243,2,5,30000,purple
3313,261,3,7,49000,grey
3314,15,3,2,14000,blue
3315,856,1,9,45000,white
3316,851,1,10,50000,white
3317,60,2,5,30000,blue
3318,332,5,10,90000,purple
3319,615,1,6,30000,purple
3320,319,4,3,24000,purple
3321,8,4,3,24000,grey
3322,212,3,8,56000,grey
3323,498,4,1,8000,brown
3324,159,4,8,64000,purple
3325,743,5,6,54000,brown
3326,782,4,9,72000,brown
3327,224,2,5,30000,white
3328,135,5,3,27000,grey
3329,307,5,7,63000,grey
3330,364,5,7,63000,yellow
3331,285,2,6,36000,grey
3332,341,3,10,70000,pink
3333,692,5,5,45000,blue
3334,963,3,6,42000,grey
3335,438,2,8,48000,brown
3336,423,5,10,90000,pink
3337,5,1,8,40000,green
3338,823,3,1,7000,brown
3339,790,5,1,9000,yellow
3340,706,2,8,48000,yellow
3341,413,4,3,24000,yellow
3342,674,5,9,81000,green
3343,208,4,9,72000,grey
3344,968,2,10,60000,grey
3345,146,5,2,18000,yellow
3346,259,5,10,90000,blue
3347,45,2,10,60000,green
3348,937,5,9,81000,grey
3349,474,3,10,70000,grey
3350,492,2,8,48000,pink
3351,437,1,2,10000,white
3352,259,4,4,32000,white
3353,527,2,2,12000,green
3354,552,4,8,64000,white
3355,999,2,7,42000,yellow
3356,883,2,2,12000,brown
3357,307,1,1,5000,blue
3358,59,5,2,18000,purple
3359,105,1,9,45000,white
3360,614,4,2,16000,pink
3361,358,1,10,50000,yellow
3362,531,5,9,81000,purple
3363,878,1,8,40000,grey
3364,644,4,6,48000,grey
3365,267,3,9,63000,grey
3366,513,4,6,48000,green
3367,45,4,6,48000,yellow
3368,803,5,9,81000,white
3369,357,3,7,49000,grey
3370,827,1,4,20000,brown
3371,605,4,1,8000,brown
3372,921,3,10,70000,green
3373,203,4,5,40000,brown
3374,832,1,1,5000,blue
3375,297,2,2,12000,purple
3376,589,3,5,35000,yellow
3377,246,5,10,90000,brown
3378,285,5,2,18000,pink
3379,260,2,7,42000,white
3380,208,3,10,70000,purple
3381,970,2,1,6000,brown
3382,210,2,2,12000,grey
3383,550,2,1,6000,green
3384,787,3,8,56000,pink
3385,262,1,8,40000,blue
3386,676,2,9,54000,pink
3387,972,2,2,12000,brown
3388,275,5,1,9000,brown
3389,396,2,4,24000,brown
3390,35,1,8,40000,green
3391,745,2,6,36000,grey
3392,123,2,6,36000,grey
3393,704,5,3,27000,yellow
3394,380,2,9,54000,blue
3395,783,4,7,56000,green
3396,553,4,8,64000,white
3397,835,4,5,40000,yellow
3398,152,3,3,21000,white
3399,170,5,6,54000,pink
3400,896,1,3,15000,purple
3401,758,2,6,36000,grey
3402,389,4,5,40000,blue
3403,110,3,2,14000,white
3404,365,2,1,6000,purple
3405,237,1,3,15000,pink
3406,42,2,8,48000,pink
3407,31,2,7,42000,grey
3408,161,4,8,64000,pink
3409,919,2,3,18000,blue
3410,290,2,9,54000,green
3411,559,3,9,63000,yellow
3412,812,3,6,42000,yellow
3413,40,2,4,24000,pink
3414,924,4,1,8000,white
3415,336,4,1,8000,purple
3416,516,1,8,40000,green
3417,597,1,8,40000,green
3418,193,4,6,48000,green
3419,823,2,8,48000,blue
3420,393,1,2,10000,blue
3421,950,3,8,56000,grey
3422,308,4,8,64000,grey
3423,762,3,6,42000,blue
3424,727,2,2,12000,brown
3425,460,5,8,72000,grey
3426,213,3,2,14000,grey
3427,58,4,8,64000,purple
3428,666,4,3,24000,pink
3429,366,2,7,42000,pink
3430,347,1,3,15000,brown
3431,532,2,1,6000,green
3432,417,1,1,5000,brown
3433,492,1,6,30000,brown
3434,228,2,7,42000,green
3435,968,1,4,20000,purple
3436,388,1,4,20000,brown
3437,81,5,7,63000,white
3438,952,4,7,56000,grey
3439,151,1,10,50000,white
3440,692,5,8,72000,purple
3441,166,3,7,49000,purple
3442,106,3,1,7000,pink
3443,390,3,9,63000,green
3444,634,4,1,8000,brown
3445,771,1,6,30000,grey
3446,683,2,1,6000,purple
3447,725,2,2,12000,grey
3448,3,2,9,54000,blue
3449,353,1,5,25000,green
3450,760,3,4,28000,yellow
3451,427,4,2,16000,white
3452,541,3,10,70000,white
3453,764,4,2,16000,brown
3454,751,4,10,80000,purple
3455,209,2,5,30000,yellow
3456,156,2,2,12000,white
3457,296,2,6,36000,purple
3458,685,3,8,56000,grey
3459,60,4,5,40000,pink
3460,700,5,9,81000,pink
3461,495,1,2,10000,brown
3462,860,1,10,50000,purple
3463,219,1,7,35000,brown
3464,927,4,9,72000,yellow
3465,600,2,6,36000,green
3466,111,2,7,42000,grey
3467,601,3,6,42000,yellow
3468,389,2,9,54000,blue
3469,15,2,4,24000,pink
3470,905,4,2,16000,green
3471,628,3,3,21000,white
3472,220,2,9,54000,blue
3473,420,1,3,15000,pink
3474,704,3,5,35000,brown
3475,710,1,10,50000,white
3476,497,2,7,42000,blue
3477,551,2,7,42000,pink
3478,859,1,8,40000,pink
3479,294,2,7,42000,brown
3480,448,5,10,90000,green
3481,325,1,9,45000,yellow
3482,842,2,3,18000,pink
3483,412,3,6,42000,purple
3484,624,4,7,56000,blue
3485,49,3,8,56000,blue
3486,947,4,1,8000,green
3487,124,3,5,35000,brown
3488,789,5,9,81000,green
3489,739,5,2,18000,pink
3490,72,2,8,48000,white
3491,368,4,9,72000,green
3492,760,2,6,36000,green
3493,825,1,8,40000,green
3494,193,4,4,32000,grey
3495,635,1,5,25000,blue
3496,700,5,6,54000,green
3497,216,1,9,45000,grey
3498,219,2,1,6000,green
3499,667,2,3,18000,yellow
3500,338,3,9,63000,grey
3501,699,1,8,40000,white
3502,36,2,9,54000,green
3503,279,5,6,54000,brown
3504,765,1,4,20000,white
3505,500,1,5,25000,pink
3506,693,3,1,7000,purple
3507,431,3,1,7000,blue
3508,105,2,1,6000,purple
3509,964,5,7,63000,white
3510,882,1,9,45000,blue
3511,142,1,3,15000,white
3512,696,1,9,45000,pink
3513,947,3,10,70000,purple
3514,267,4,3,24000,yellow
3515,563,4,1,8000,blue
3516,287,3,1,7000,grey
3517,466,3,4,28000,brown
3518,604,4,5,40000,purple
3519,959,3,7,49000,blue
3520,450,4,3,24000,blue
3521,980,5,4,36000,grey
3522,985,5,6,54000,green
3523,688,1,2,10000,brown
3524,155,3,1,7000,purple
3525,40,1,2,10000,blue
3526,247,1,4,20000,brown
3527,30,1,1,5000,grey
3528,180,1,4,20000,green
3529,731,1,1,5000,green
3530,254,4,3,24000,grey
3531,362,2,3,18000,pink
3532,531,3,3,21000,purple
3533,903,4,7,56000,yellow
3534,721,1,8,40000,pink
3535,49,5,9,81000,purple
3536,312,3,6,42000,white
3537,283,5,2,18000,pink
3538,238,1,5,25000,blue
3539,519,3,7,49000,grey
3540,747,2,9,54000,yellow
3541,63,4,6,48000,blue
3542,703,3,7,49000,green
3543,29,4,1,8000,brown
3544,526,2,10,60000,purple
3545,910,4,1,8000,blue
3546,776,4,9,72000,pink
3547,595,2,6,36000,grey
3548,767,4,5,40000,brown
3549,7,1,3,15000,pink
3550,902,1,8,40000,brown
3551,826,1,10,50000,yellow
3552,322,1,3,15000,brown
3553,356,4,6,48000,white
3554,375,4,10,80000,green
3555,973,5,6,54000,grey
3556,120,4,10,80000,brown
3557,128,3,5,35000,blue
3558,183,4,8,64000,green
3559,181,1,1,5000,yellow
3560,937,2,7,42000,purple
3561,342,2,7,42000,pink
3562,499,3,4,28000,blue
3563,577,4,4,32000,white
3564,654,2,1,6000,white
3565,502,2,5,30000,grey
3566,255,5,1,9000,blue
3567,35,2,1,6000,blue
3568,121,5,9,81000,grey
3569,296,4,8,64000,purple
3570,575,5,6,54000,blue
3571,353,2,10,60000,brown
3572,20,1,6,30000,brown
3573,52,3,2,14000,yellow
3574,519,2,10,60000,pink
3575,438,5,4,36000,brown
3576,383,2,4,24000,grey
3577,662,4,2,16000,grey
3578,473,1,5,25000,purple
3579,355,1,5,25000,white
3580,332,5,3,27000,purple
3581,279,2,9,54000,grey
3582,180,3,5,35000,white
3583,739,1,3,15000,yellow
3584,83,1,9,45000,grey
3585,659,4,2,16000,pink
3586,93,5,3,27000,yellow
3587,235,1,4,20000,green
3588,273,1,5,25000,yellow
3589,925,4,8,64000,yellow
3590,751,3,2,14000,purple
3591,396,5,1,9000,green
3592,235,3,6,42000,grey
3593,414,5,1,9000,grey
3594,578,1,1,5000,grey
3595,403,3,4,28000,yellow
3596,193,3,8,56000,yellow
3597,296,1,6,30000,green
3598,658,2,5,30000,brown
3599,723,3,4,28000,green
3600,159,2,1,6000,yellow
3601,968,1,5,25000,yellow
3602,135,3,5,35000,blue
3603,343,4,2,16000,purple
3604,479,3,4,28000,grey
3605,631,2,6,36000,brown
3606,27,3,4,28000,grey
3607,930,1,5,25000,brown
3608,236,4,6,48000,green
3609,131,1,5,25000,white
3610,770,3,7,49000,pink
3611,861,1,6,30000,pink
3612,321,2,4,24000,white
3613,489,5,5,45000,blue
3614,904,2,10,60000,yellow
3615,312,2,1,6000,pink
3616,248,2,2,12000,purple
3617,844,1,7,35000,pink
3618,82,5,7,63000,grey
3619,368,4,10,80000,brown
3620,652,5,3,27000,pink
3621,633,5,9,81000,brown
3622,801,2,10,60000,yellow
3623,764,1,10,50000,blue
3624,518,5,3,27000,purple
3625,343,4,4,32000,grey
3626,18,4,6,48000,pink
3627,447,5,10,90000,white
3628,857,5,8,72000,pink
3629,719,3,2,14000,grey
3630,53,2,7,42000,brown
3631,699,5,4,36000,blue
3632,71,3,6,42000,blue
3633,964,4,2,16000,yellow
3634,80,2,4,24000,pink
3635,838,4,3,24000,yellow
3636,375,3,2,14000,yellow
3637,762,4,5,40000,green
3638,653,2,6,36000,brown
3639,445,1,5,25000,grey
3640,826,2,10,60000,white
3641,89,5,7,63000,brown
3642,758,5,6,54000,blue
3643,202,4,4,32000,purple
3644,36,5,5,45000,purple
3645,591,3,5,35000,yellow
3646,32,5,9,81000,purple
3647,903,3,1,7000,white
3648,65,2,5,30000,pink
3649,706,4,7,56000,white
3650,816,4,8,64000,green
3651,783,1,1,5000,purple
3652,646,2,10,60000,brown
3653,53,5,5,45000,purple
3654,193,4,7,56000,brown
3655,443,3,10,70000,grey
3656,975,1,3,15000,yellow
3657,281,5,9,81000,green
3658,936,1,2,10000,purple
3659,620,2,4,24000,brown
3660,521,4,1,8000,grey
3661,394,4,5,40000,blue
3662,366,1,3,15000,grey
3663,268,3,2,14000,brown
3664,613,4,10,80000,pink
3665,246,2,9,54000,grey
3666,664,2,9,54000,purple
3667,347,3,9,63000,grey
3668,998,2,10,60000,brown
3669,423,2,5,30000,blue
3670,232,4,5,40000,yellow
3671,431,4,3,24000,blue
3672,912,3,8,56000,grey
3673,23,1,3,15000,blue
3674,669,1,9,45000,blue
3675,669,5,2,18000,blue
3676,602,1,3,15000,grey
3677,82,5,5,45000,purple
3678,934,5,3,27000,blue
3679,779,4,4,32000,white
3680,714,2,1,6000,yellow
3681,25,4,9,72000,green
3682,257,2,7,42000,pink
3683,835,3,3,21000,pink
3684,12,1,3,15000,grey
3685,895,2,3,18000,green
3686,349,3,5,35000,yellow
3687,487,3,4,28000,purple
3688,298,4,10,80000,brown
3689,226,3,9,63000,yellow
3690,125,1,4,20000,yellow
3691,500,1,1,5000,green
3692,426,4,9,72000,yellow
3693,422,1,4,20000,white
3694,293,5,7,63000,blue
3695,270,5,3,27000,pink
3696,763,2,10,60000,brown
3697,873,4,4,32000,green
3698,134,1,7,35000,blue
3699,280,1,2,10000,white
3700,492,5,7,63000,brown
3701,282,4,3,24000,white
3702,732,1,6,30000,brown
3703,768,2,9,54000,white
3704,639,3,4,28000,pink
3705,43,1,5,25000,brown
3706,574,5,3,27000,white
3707,561,4,9,72000,white
3708,514,1,3,15000,blue
3709,403,4,4,32000,white
3710,781,3,3,21000,brown
3711,791,2,8,48000,yellow
3712,667,2,2,12000,yellow
3713,488,2,10,60000,green
3714,209,5,6,54000,yellow
3715,778,1,9,45000,grey
3716,112,5,4,36000,grey
3717,315,1,6,30000,grey
3718,612,5,6,54000,grey
3719,367,1,5,25000,yellow
3720,989,5,7,63000,blue
3721,860,5,3,27000,brown
3722,586,5,7,63000,grey
3723,510,3,5,35000,blue
3724,461,5,8,72000,grey
3725,237,3,9,63000,white
3726,112,2,3,18000,grey
3727,624,3,7,49000,brown
3728,856,5,10,90000,blue
3729,149,4,4,32000,yellow
3730,652,3,10,70000,green
3731,5,2,6,36000,purple
3732,383,5,8,72000,yellow
3733,611,1,5,25000,pink
3734,353,4,3,24000,brown
3735,946,4,4,32000,yellow
3736,385,2,6,36000,purple
3737,12,3,4,28000,brown
3738,229,4,4,32000,white
3739,520,5,9,81000,brown
3740,95,5,2,18000,green
3741,365,1,9,45000,white
3742,458,4,7,56000,yellow
3743,990,5,10,90000,green
3744,930,4,10,80000,yellow
3745,100,4,2,16000,brown
3746,966,4,7,56000,brown
3747,192,3,5,35000,white
3748,666,1,5,25000,pink
3749,280,5,9,81000,white
3750,906,2,6,36000,green
3751,501,5,4,36000,grey
3752,30,5,1,9000,green
3753,660,2,6,36000,blue
3754,301,3,2,14000,white
3755,992,1,7,35000,brown
3756,11,5,8,72000,grey
3757,621,4,1,8000,green
3758,784,1,2,10000,white
3759,393,4,5,40000,brown
3760,472,3,1,7000,purple
3761,818,2,3,18000,brown
3762,570,2,4,24000,blue
3763,262,5,6,54000,green
3764,309,3,3,21000,yellow
3765,285,1,5,25000,pink
3766,196,3,9,63000,yellow
3767,91,2,3,18000,green
3768,291,1,6,30000,purple
3769,464,4,9,72000,blue
3770,475,2,1,6000,pink
3771,291,2,7,42000,white
3772,914,2,1,6000,white
3773,439,3,6,42000,green
3774,380,2,1,6000,green
3775,202,2,7,42000,purple
3776,860,1,6,30000,brown
3777,428,3,1,7000,pink
3778,100,2,2,12000,grey
3779,403,3,3,21000,brown
3780,938,3,7,49000,green
3781,989,2,9,54000,blue
3782,883,1,4,20000,blue
3783,693,5,5,45000,yellow
3784,564,1,3,15000,brown
3785,565,5,5,45000,pink
3786,499,4,7,56000,yellow
3787,182,4,9,72000,blue
3788,388,2,1,6000,brown
3789,94,4,6,48000,pink
3790,814,3,6,42000,pink
3791,978,1,9,45000,brown
3792,806,3,2,14000,white
3793,237,5,10,90000,blue
3794,985,1,5,25000,green
3795,99,2,2,12000,grey
3796,978,1,6,30000,grey
3797,767,4,10,80000,blue
3798,275,1,4,20000,green
3799,434,1,1,5000,green
3800,244,1,1,5000,purple
3801,562,2,10,60000,brown
3802,319,2,9,54000,green
3803,843,2,3,18000,yellow
3804,987,5,4,36000,brown
3805,371,4,3,24000,purple
3806,710,5,2,18000,blue
3807,103,5,10,90000,yellow
3808,176,1,1,5000,purple
3809,178,5,1,9000,brown
3810,79,4,9,72000,green
3811,812,5,8,72000,white
3812,5,3,2,14000,white
3813,887,2,8,48000,white
3814,190,5,2,18000,brown
3815,205,4,7,56000,blue
3816,771,5,4,36000,green
3817,182,5,5,45000,grey
3818,691,3,10,70000,pink
3819,742,3,9,63000,blue
3820,973,3,1,7000,green
3821,577,2,3,18000,yellow
3822,340,4,3,24000,brown
3823,805,5,9,81000,brown
3824,925,1,1,5000,blue
3825,662,5,5,45000,white
3826,286,1,1,5000,grey
3827,846,5,9,81000,green
3828,472,2,6,36000,brown
3829,379,1,7,35000,white
3830,500,1,6,30000,white
3831,886,2,3,18000,pink
3832,787,5,10,90000,pink
3833,191,5,5,45000,blue
3834,844,4,1,8000,grey
3835,676,1,4,20000,yellow
3836,130,3,10,70000,grey
3837,581,5,1,9000,pink
3838,813,1,10,50000,purple
3839,884,3,4,28000,pink
3840,522,5,5,45000,pink
3841,170,5,7,63000,purple
3842,559,4,1,8000,pink
3843,999,5,2,18000,green
3844,126,5,6,54000,blue
3845,291,3,6,42000,green
3846,665,1,9,45000,blue
3847,652,5,4,36000,brown
3848,100,2,8,48000,purple
3849,322,1,2,10000,blue
3850,4,1,2,10000,yellow
3851,986,4,6,48000,purple
3852,620,5,8,72000,green
3853,425,4,3,24000,blue
3854,5,4,8,64000,grey
3855,546,1,3,15000,yellow
3856,810,2,1,6000,blue
3857,113,5,6,54000,white
3858,672,1,10,50000,pink
3859,769,5,7,63000,green
3860,138,1,9,45000,grey
3861,342,5,9,81000,brown
3862,528,2,5,30000,pink
3863,506,4,3,24000,blue
3864,934,4,3,24000,white
3865,532,2,5,30000,green
3866,72,1,2,10000,purple
3867,988,5,4,36000,grey
3868,56,3,3,21000,green
3869,40,3,4,28000,yellow
3870,614,4,5,40000,blue
3871,181,2,4,24000,yellow
3872,954,2,7,42000,yellow
3873,336,2,8,48000,green
3874,248,3,5,35000,green
3875,908,5,10,90000,pink
3876,40,2,9,54000,yellow
3877,28,2,10,60000,purple
3878,523,4,4,32000,pink
3879,677,5,7,63000,white
3880,874,1,8,40000,yellow
3881,473,3,4,28000,grey
3882,976,1,1,5000,brown
3883,83,3,4,28000,brown
3884,584,3,6,42000,white
3885,76,4,9,72000,blue
3886,669,3,10,70000,yellow
3887,36,5,8,72000,white
3888,130,5,1,9000,grey
3889,703,3,10,70000,brown
3890,720,2,9,54000,yellow
3891,832,4,6,48000,pink
3892,187,2,1,6000,grey
3893,779,4,2,16000,yellow
3894,612,2,8,48000,pink
3895,498,1,10,50000,white
3896,567,1,4,20000,pink
3897,716,1,1,5000,purple
3898,215,4,1,8000,blue
3899,480,2,3,18000,grey
3900,738,2,3,18000,pink
3901,444,1,2,10000,blue
3902,432,3,8,56000,green
3903,156,4,3,24000,yellow
3904,363,4,3,24000,brown
3905,955,1,6,30000,white
3906,784,1,5,25000,pink
3907,200,5,10,90000,pink
3908,474,5,3,27000,pink
3909,701,1,1,5000,green
3910,165,5,2,18000,purple
3911,820,1,1,5000,purple
3912,264,3,1,7000,blue
3913,796,3,10,70000,blue
3914,773,2,9,54000,green
3915,107,4,2,16000,grey
3916,126,2,5,30000,green
3917,677,2,5,30000,green
3918,137,2,1,6000,purple
3919,495,3,8,56000,grey
3920,275,5,4,36000,white
3921,461,2,4,24000,grey
3922,115,5,5,45000,pink
3923,897,3,9,63000,pink
3924,289,1,7,35000,brown
3925,277,1,9,45000,yellow
3926,959,3,10,70000,blue
3927,401,2,1,6000,yellow
3928,120,2,1,6000,pink
3929,146,2,3,18000,green
3930,689,1,2,10000,grey
3931,809,1,6,30000,green
3932,505,4,3,24000,yellow
3933,523,4,2,16000,blue
3934,570,3,2,14000,green
3935,189,2,5,30000,green
3936,285,5,6,54000,brown
3937,822,2,6,36000,yellow
3938,223,2,3,18000,white
3939,144,4,8,64000,white
3940,746,4,8,64000,brown
3941,22,1,8,40000,green
3942,497,1,2,10000,white
3943,9,3,6,42000,white
3944,104,4,4,32000,purple
3945,408,4,10,80000,green
3946,476,2,6,36000,white
3947,783,4,7,56000,purple
3948,496,3,4,28000,white
3949,452,4,6,48000,purple
3950,732,1,7,35000,white
3951,363,3,9,63000,pink
3952,507,2,3,18000,pink
3953,163,2,1,6000,brown
3954,557,1,3,15000,pink
3955,616,5,2,18000,white
3956,701,3,9,63000,blue
3957,973,3,7,49000,yellow
3958,956,5,4,36000,grey
3959,561,3,1,7000,blue
3960,241,5,2,18000,pink
3961,211,3,3,21000,yellow
3962,434,4,7,56000,green
3963,221,5,5,45000,yellow
3964,65,4,3,24000,purple
3965,894,2,9,54000,blue
3966,23,1,4,20000,green
3967,850,4,6,48000,white
3968,873,1,1,5000,pink
3969,228,2,10,60000,grey
3970,345,4,10,80000,yellow
3971,977,2,4,24000,yellow
3972,287,3,6,42000,yellow
3973,648,3,1,7000,purple
3974,264,1,3,15000,pink
3975,417,2,2,12000,green
3976,505,4,5,40000,pink
3977,21,5,8,72000,yellow
3978,298,2,6,36000,white
3979,379,1,7,35000,blue
3980,535,2,1,6000,brown
3981,3,4,5,40000,yellow
3982,382,1,10,50000,purple
3983,421,5,5,45000,yellow
3984,805,1,9,45000,blue
3985,750,3,1,7000,grey
3986,982,2,10,60000,brown
3987,697,1,9,45000,brown
3988,761,1,3,15000,purple
3989,19,3,4,28000,purple
3990,727,2,7,42000,green
3991,479,4,5,40000,pink
3992,208,3,6,42000,green
3993,76,1,6,30000,blue
3994,672,4,1,8000,yellow
3995,157,2,6,36000,green
3996,411,1,9,45000,blue
3997,837,2,4,24000,pink
3998,110,5,4,36000,green
3999,176,5,10,90000,blue
4000,20,2,6,36000,pink
4001,3001,1,3,15000,Pink
4002,3002,3,8,56000,Grey
4003,3003,2,8,48000,Purple
4004,3004,5,3,27000,Brown
4005,3005,1,1,5000,Pink
4006,3006,1,1,5000,Purple
4008,3008,2,5,30000,Teks custom
4009,3009,2,5,30000,Teks custom
4010,3010,2,5,30000,Teks custom
4011,3011,2,5,30000,Teks custom
4012,3012,2,5,30000,Teks custom
4013,3013,2,5,30000,Teks custom